time_stamp,index_no,City_long,City_lat,long,lat,name,city,humidity,temperature,voc,pm1.0_atm,pm1.0_atm_a,pm1.0_atm_b,pm2.5_atm,pm2.5_atm_a,pm2.5_atm_b,pm10.0_atm,pm10.0_atm_a,pm10.0_atm_b,pressure,pm1_0_cf_1,pm2_5_cf_1,pm10_0_cf_1,pm2.5_aqi_cf_1,pm2.5_aqi_atm,p_0_3_um,p_0_5_um,p_1_0_um,p_2_5_um,p_5_0_um,p_10_0_um,pm1_0_cf_1_b,pm2_5_cf_1_b,pm10_0_cf_1_b,pm1_0_atm_b,pm10_0_atm_b,pm2.5_aqi_cf_1_b,pm2.5_aqi_atm_b,p_0_3_um_b,p_0_5_um_b,p_1_0_um_b,p_2_5_um_b,p_5_0_um_b,p_10_0_um_b
2023-11-25 00:00:00,112,-51.458056,-25.395278,-51.45306,-25.4161,Guarapuava-SaoCristovao,Guarapuava,,,,,,,,,,,,,,,,,,,,,,,,,,,,,,,,,,,,,
2023-11-26 00:00:00,112,-51.458056,-25.395278,-51.45306,-25.4161,Guarapuava-SaoCristovao,Guarapuava,,,,,,,,,,,,,,,,,,,,,,,,,,,,,,,,,,,,,
2023-11-27 00:00:00,112,-51.458056,-25.395278,-51.45306,-25.4161,Guarapuava-SaoCristovao,Guarapuava,,,,,,,,,,,,,,,,,,,,,,,,,,,,,,,,,,,,,
2023-11-28 00:00:00,112,-51.458056,-25.395278,-51.45306,-25.4161,Guarapuava-SaoCristovao,Guarapuava,,,,,,,,,,,,,,,,,,,,,,,,,,,,,,,,,,,,,
2023-11-29 00:00:00,112,-51.458056,-25.395278,-51.45306,-25.4161,Guarapuava-SaoCristovao,Guarapuava,,,,,,,,,,,,,,,,,,,,,,,,,,,,,,,,,,,,,
2023-11-30 00:00:00,112,-51.458056,-25.395278,-51.45306,-25.4161,Guarapuava-SaoCristovao,Guarapuava,,,,,,,,,,,,,,,,,,,,,,,,,,,,,,,,,,,,,
2023-12-01 00:00:00,112,-51.458056,-25.395278,-51.45306,-25.4161,Guarapuava-SaoCristovao,Guarapuava,,,,,,,,,,,,,,,,,,,,,,,,,,,,,,,,,,,,,
2023-12-02 00:00:00,112,-51.458056,-25.395278,-51.45306,-25.4161,Guarapuava-SaoCristovao,Guarapuava,,,,,,,,,,,,,,,,,,,,,,,,,,,,,,,,,,,,,
2023-12-03 00:00:00,112,-51.458056,-25.395278,-51.45306,-25.4161,Guarapuava-SaoCristovao,Guarapuava,,,,,,,,,,,,,,,,,,,,,,,,,,,,,,,,,,,,,
2023-12-04 00:00:00,112,-51.458056,-25.395278,-51.45306,-25.4161,Guarapuava-SaoCristovao,Guarapuava,,,,,,,,,,,,,,,,,,,,,,,,,,,,,,,,,,,,,
2023-12-05 00:00:00,112,-51.458056,-25.395278,-51.45306,-25.4161,Guarapuava-SaoCristovao,Guarapuava,,,,,,,,,,,,,,,,,,,,,,,,,,,,,,,,,,,,,
2023-12-06 00:00:00,112,-51.458056,-25.395278,-51.45306,-25.4161,Guarapuava-SaoCristovao,Guarapuava,,,,,,,,,,,,,,,,,,,,,,,,,,,,,,,,,,,,,
2023-12-07 00:00:00,112,-51.458056,-25.395278,-51.45306,-25.4161,Guarapuava-SaoCristovao,Guarapuava,,,,,,,,,,,,,,,,,,,,,,,,,,,,,,,,,,,,,
2023-12-08 00:00:00,112,-51.458056,-25.395278,-51.45306,-25.4161,Guarapuava-SaoCristovao,Guarapuava,,,,,,,,,,,,,,,,,,,,,,,,,,,,,,,,,,,,,
2023-12-09 00:00:00,112,-51.458056,-25.395278,-51.45306,-25.4161,Guarapuava-SaoCristovao,Guarapuava,,,,,,,,,,,,,,,,,,,,,,,,,,,,,,,,,,,,,
2023-12-10 00:00:00,112,-51.458056,-25.395278,-51.45306,-25.4161,Guarapuava-SaoCristovao,Guarapuava,,,,,,,,,,,,,,,,,,,,,,,,,,,,,,,,,,,,,
2023-12-11 00:00:00,112,-51.458056,-25.395278,-51.45306,-25.4161,Guarapuava-SaoCristovao,Guarapuava,,,,,,,,,,,,,,,,,,,,,,,,,,,,,,,,,,,,,
2023-12-12 00:00:00,112,-51.458056,-25.395278,-51.45306,-25.4161,Guarapuava-SaoCristovao,Guarapuava,,,,,,,,,,,,,,,,,,,,,,,,,,,,,,,,,,,,,
2023-12-13 00:00:00,112,-51.458056,-25.395278,-51.45306,-25.4161,Guarapuava-SaoCristovao,Guarapuava,,,,,,,,,,,,,,,,,,,,,,,,,,,,,,,,,,,,,
2023-12-14 00:00:00,112,-51.458056,-25.395278,-51.45306,-25.4161,Guarapuava-SaoCristovao,Guarapuava,,,,,,,,,,,,,,,,,,,,,,,,,,,,,,,,,,,,,
2023-12-15 00:00:00,112,-51.458056,-25.395278,-51.45306,-25.4161,Guarapuava-SaoCristovao,Guarapuava,,,,,,,,,,,,,,,,,,,,,,,,,,,,,,,,,,,,,
2023-12-16 00:00:00,112,-51.458056,-25.395278,-51.45306,-25.4161,Guarapuava-SaoCristovao,Guarapuava,,,,,,,,,,,,,,,,,,,,,,,,,,,,,,,,,,,,,
2023-12-17 00:00:00,112,-51.458056,-25.395278,-51.45306,-25.4161,Guarapuava-SaoCristovao,Guarapuava,,,,,,,,,,,,,,,,,,,,,,,,,,,,,,,,,,,,,
2023-12-18 00:00:00,112,-51.458056,-25.395278,-51.45306,-25.4161,Guarapuava-SaoCristovao,Guarapuava,,,,,,,,,,,,,,,,,,,,,,,,,,,,,,,,,,,,,
2023-12-19 00:00:00,112,-51.458056,-25.395278,-51.45306,-25.4161,Guarapuava-SaoCristovao,Guarapuava,,,,,,,,,,,,,,,,,,,,,,,,,,,,,,,,,,,,,
2023-12-20 00:00:00,112,-51.458056,-25.395278,-51.45306,-25.4161,Guarapuava-SaoCristovao,Guarapuava,,,,,,,,,,,,,,,,,,,,,,,,,,,,,,,,,,,,,
2023-12-21 00:00:00,112,-51.458056,-25.395278,-51.45306,-25.4161,Guarapuava-SaoCristovao,Guarapuava,,,,,,,,,,,,,,,,,,,,,,,,,,,,,,,,,,,,,
2023-12-22 00:00:00,112,-51.458056,-25.395278,-51.45306,-25.4161,Guarapuava-SaoCristovao,Guarapuava,,,,,,,,,,,,,,,,,,,,,,,,,,,,,,,,,,,,,
2023-12-23 00:00:00,112,-51.458056,-25.395278,-51.45306,-25.4161,Guarapuava-SaoCristovao,Guarapuava,,,,,,,,,,,,,,,,,,,,,,,,,,,,,,,,,,,,,
2023-12-24 00:00:00,112,-51.458056,-25.395278,-51.45306,-25.4161,Guarapuava-SaoCristovao,Guarapuava,,,,,,,,,,,,,,,,,,,,,,,,,,,,,,,,,,,,,
2023-12-25 00:00:00,112,-51.458056,-25.395278,-51.45306,-25.4161,Guarapuava-SaoCristovao,Guarapuava,,,,,,,,,,,,,,,,,,,,,,,,,,,,,,,,,,,,,
2023-12-26 00:00:00,112,-51.458056,-25.395278,-51.45306,-25.4161,Guarapuava-SaoCristovao,Guarapuava,,,,,,,,,,,,,,,,,,,,,,,,,,,,,,,,,,,,,
2023-12-27 00:00:00,112,-51.458056,-25.395278,-51.45306,-25.4161,Guarapuava-SaoCristovao,Guarapuava,,,,,,,,,,,,,,,,,,,,,,,,,,,,,,,,,,,,,
2023-12-28 00:00:00,112,-51.458056,-25.395278,-51.45306,-25.4161,Guarapuava-SaoCristovao,Guarapuava,,,,,,,,,,,,,,,,,,,,,,,,,,,,,,,,,,,,,
2023-12-29 00:00:00,112,-51.458056,-25.395278,-51.45306,-25.4161,Guarapuava-SaoCristovao,Guarapuava,,,,,,,,,,,,,,,,,,,,,,,,,,,,,,,,,,,,,
2023-12-30 00:00:00,112,-51.458056,-25.395278,-51.45306,-25.4161,Guarapuava-SaoCristovao,Guarapuava,,,,,,,,,,,,,,,,,,,,,,,,,,,,,,,,,,,,,
2023-12-31 00:00:00,112,-51.458056,-25.395278,-51.45306,-25.4161,Guarapuava-SaoCristovao,Guarapuava,,,,,,,,,,,,,,,,,,,,,,,,,,,,,,,,,,,,,
2024-01-01 00:00:00,112,-51.458056,-25.395278,-51.45306,-25.4161,Guarapuava-SaoCristovao,Guarapuava,,,,,,,,,,,,,,,,,,,,,,,,,,,,,,,,,,,,,
2024-01-02 00:00:00,112,-51.458056,-25.395278,-51.45306,-25.4161,Guarapuava-SaoCristovao,Guarapuava,,,,,,,,,,,,,,,,,,,,,,,,,,,,,,,,,,,,,
2024-01-03 00:00:00,112,-51.458056,-25.395278,-51.45306,-25.4161,Guarapuava-SaoCristovao,Guarapuava,,,,,,,,,,,,,,,,,,,,,,,,,,,,,,,,,,,,,
2024-01-04 00:00:00,112,-51.458056,-25.395278,-51.45306,-25.4161,Guarapuava-SaoCristovao,Guarapuava,,,,,,,,,,,,,,,,,,,,,,,,,,,,,,,,,,,,,
2024-01-05 00:00:00,112,-51.458056,-25.395278,-51.45306,-25.4161,Guarapuava-SaoCristovao,Guarapuava,,,,,,,,,,,,,,,,,,,,,,,,,,,,,,,,,,,,,
2024-01-06 00:00:00,112,-51.458056,-25.395278,-51.45306,-25.4161,Guarapuava-SaoCristovao,Guarapuava,,,,,,,,,,,,,,,,,,,,,,,,,,,,,,,,,,,,,
2024-01-07 00:00:00,112,-51.458056,-25.395278,-51.45306,-25.4161,Guarapuava-SaoCristovao,Guarapuava,,,,,,,,,,,,,,,,,,,,,,,,,,,,,,,,,,,,,
2024-01-08 00:00:00,112,-51.458056,-25.395278,-51.45306,-25.4161,Guarapuava-SaoCristovao,Guarapuava,,,,,,,,,,,,,,,,,,,,,,,,,,,,,,,,,,,,,
2024-01-09 00:00:00,112,-51.458056,-25.395278,-51.45306,-25.4161,Guarapuava-SaoCristovao,Guarapuava,,,,,,,,,,,,,,,,,,,,,,,,,,,,,,,,,,,,,
2024-01-10 00:00:00,112,-51.458056,-25.395278,-51.45306,-25.4161,Guarapuava-SaoCristovao,Guarapuava,,,,,,,,,,,,,,,,,,,,,,,,,,,,,,,,,,,,,
2024-01-11 00:00:00,112,-51.458056,-25.395278,-51.45306,-25.4161,Guarapuava-SaoCristovao,Guarapuava,,,,,,,,,,,,,,,,,,,,,,,,,,,,,,,,,,,,,
2024-01-12 00:00:00,112,-51.458056,-25.395278,-51.45306,-25.4161,Guarapuava-SaoCristovao,Guarapuava,,,,,,,,,,,,,,,,,,,,,,,,,,,,,,,,,,,,,
2024-01-13 00:00:00,112,-51.458056,-25.395278,-51.45306,-25.4161,Guarapuava-SaoCristovao,Guarapuava,,,,,,,,,,,,,,,,,,,,,,,,,,,,,,,,,,,,,
2024-01-14 00:00:00,112,-51.458056,-25.395278,-51.45306,-25.4161,Guarapuava-SaoCristovao,Guarapuava,,,,,,,,,,,,,,,,,,,,,,,,,,,,,,,,,,,,,
2024-01-15 00:00:00,112,-51.458056,-25.395278,-51.45306,-25.4161,Guarapuava-SaoCristovao,Guarapuava,,,,,,,,,,,,,,,,,,,,,,,,,,,,,,,,,,,,,
2024-01-16 00:00:00,112,-51.458056,-25.395278,-51.45306,-25.4161,Guarapuava-SaoCristovao,Guarapuava,,,,,,,,,,,,,,,,,,,,,,,,,,,,,,,,,,,,,
2024-01-17 00:00:00,112,-51.458056,-25.395278,-51.45306,-25.4161,Guarapuava-SaoCristovao,Guarapuava,,,,,,,,,,,,,,,,,,,,,,,,,,,,,,,,,,,,,
2024-01-18 00:00:00,112,-51.458056,-25.395278,-51.45306,-25.4161,Guarapuava-SaoCristovao,Guarapuava,,,,,,,,,,,,,,,,,,,,,,,,,,,,,,,,,,,,,
2024-01-19 00:00:00,112,-51.458056,-25.395278,-51.45306,-25.4161,Guarapuava-SaoCristovao,Guarapuava,,,,,,,,,,,,,,,,,,,,,,,,,,,,,,,,,,,,,
2024-01-20 00:00:00,112,-51.458056,-25.395278,-51.45306,-25.4161,Guarapuava-SaoCristovao,Guarapuava,,,,,,,,,,,,,,,,,,,,,,,,,,,,,,,,,,,,,
2024-01-21 00:00:00,112,-51.458056,-25.395278,-51.45306,-25.4161,Guarapuava-SaoCristovao,Guarapuava,,,,,,,,,,,,,,,,,,,,,,,,,,,,,,,,,,,,,
2024-01-22 00:00:00,112,-51.458056,-25.395278,-51.45306,-25.4161,Guarapuava-SaoCristovao,Guarapuava,,,,,,,,,,,,,,,,,,,,,,,,,,,,,,,,,,,,,
2024-01-23 00:00:00,112,-51.458056,-25.395278,-51.45306,-25.4161,Guarapuava-SaoCristovao,Guarapuava,,,,,,,,,,,,,,,,,,,,,,,,,,,,,,,,,,,,,
2024-01-24 00:00:00,112,-51.458056,-25.395278,-51.45306,-25.4161,Guarapuava-SaoCristovao,Guarapuava,,,,,,,,,,,,,,,,,,,,,,,,,,,,,,,,,,,,,
2024-01-25 00:00:00,112,-51.458056,-25.395278,-51.45306,-25.4161,Guarapuava-SaoCristovao,Guarapuava,,,,,,,,,,,,,,,,,,,,,,,,,,,,,,,,,,,,,
2024-01-26 00:00:00,112,-51.458056,-25.395278,-51.45306,-25.4161,Guarapuava-SaoCristovao,Guarapuava,57.125,77.625,82.038,0.05375,,,0.41250000000000003,,0.56625,0.8,,,902.4237499999999,0.05375,0.41250000000000003,0.8,1.625,1.625,191.76749999999998,53.16625,6.76125,1.8499999999999999,0.70375,0.46375,0.09,0.56625,1.38875,0.09,1.38875,2.25,2.25,216.08625,61.3825,9.58625,2.92125,1.32,0.8075
2024-01-27 00:00:00,112,-51.458056,-25.395278,-51.45306,-25.4161,Guarapuava-SaoCristovao,Guarapuava,,,,,,,,,,,,,,,,,,,,,,,,,,,,,,,,,,,,,
2024-01-28 00:00:00,112,-51.458056,-25.395278,-51.45306,-25.4161,Guarapuava-SaoCristovao,Guarapuava,,,,,,,,,,,,,,,,,,,,,,,,,,,,,,,,,,,,,
2024-01-29 00:00:00,112,-51.458056,-25.395278,-51.45306,-25.4161,Guarapuava-SaoCristovao,Guarapuava,,,,,,,,,,,,,,,,,,,,,,,,,,,,,,,,,,,,,
2024-01-30 00:00:00,112,-51.458056,-25.395278,-51.45306,-25.4161,Guarapuava-SaoCristovao,Guarapuava,,,,,,,,,,,,,,,,,,,,,,,,,,,,,,,,,,,,,
2024-01-31 00:00:00,112,-51.458056,-25.395278,-51.45306,-25.4161,Guarapuava-SaoCristovao,Guarapuava,,,,,,,,,,,,,,,,,,,,,,,,,,,,,,,,,,,,,
2024-02-01 00:00:00,112,-51.458056,-25.395278,-51.45306,-25.4161,Guarapuava-SaoCristovao,Guarapuava,,,,,,,,,,,,,,,,,,,,,,,,,,,,,,,,,,,,,
2024-02-02 00:00:00,112,-51.458056,-25.395278,-51.45306,-25.4161,Guarapuava-SaoCristovao,Guarapuava,,,,,,,,,,,,,,,,,,,,,,,,,,,,,,,,,,,,,
2024-02-03 00:00:00,112,-51.458056,-25.395278,-51.45306,-25.4161,Guarapuava-SaoCristovao,Guarapuava,,,,,,,,,,,,,,,,,,,,,,,,,,,,,,,,,,,,,
2024-02-04 00:00:00,112,-51.458056,-25.395278,-51.45306,-25.4161,Guarapuava-SaoCristovao,Guarapuava,,,,,,,,,,,,,,,,,,,,,,,,,,,,,,,,,,,,,
2024-02-05 00:00:00,112,-51.458056,-25.395278,-51.45306,-25.4161,Guarapuava-SaoCristovao,Guarapuava,,,,,,,,,,,,,,,,,,,,,,,,,,,,,,,,,,,,,
2024-02-06 00:00:00,112,-51.458056,-25.395278,-51.45306,-25.4161,Guarapuava-SaoCristovao,Guarapuava,,,,,,,,,,,,,,,,,,,,,,,,,,,,,,,,,,,,,
2024-02-07 00:00:00,112,-51.458056,-25.395278,-51.45306,-25.4161,Guarapuava-SaoCristovao,Guarapuava,41.676375404530745,96.5663430420712,57.03554307116105,8.536763754045309,,,10.717766990291262,,11.184692556634305,11.330679611650485,,,900.7629126213592,8.54957928802589,10.730970873786408,11.336116504854369,42.74110032362459,42.711974110032365,1587.1970226537217,452.77508090614884,55.36511326860841,2.881844660194175,0.8852103559870549,0.46537216828478967,8.883559870550162,11.19705501618123,11.982977346278316,8.865113268608415,11.974724919093852,44.226537216828476,44.200647249190936,1730.5484789644013,492.5158252427185,60.024627831715215,3.021812297734628,1.1062783171521036,0.5147249190938512
2024-02-08 00:00:00,112,-51.458056,-25.395278,-51.45306,-25.4161,Guarapuava-SaoCristovao,Guarapuava,57.57513661202186,83.25,71.47549593495935,10.414139344262294,,,13.759726775956285,,14.570013661202186,14.639234972677595,,,900.5106830601093,10.444754098360656,13.788265027322405,14.65493169398907,52.96994535519126,52.89890710382514,1844.9303278688524,530.4736338797815,76.04821038251366,4.792418032786886,1.2939617486338797,0.6323497267759562,11.034262295081968,14.606871584699453,15.754535519125684,10.99103825136612,15.740054644808742,55.217213114754095,55.13251366120219,1995.8184972677593,573.969412568306,81.94852459016393,5.422964480874317,1.6083060109289617,0.6856557377049181
2024-02-09 00:00:00,112,-51.458056,-25.395278,-51.45306,-25.4161,Guarapuava-SaoCristovao,Guarapuava,49.27012278308322,88.42291950886766,85.79787682333874,9.390354706684857,,,12.25731241473397,,12.966180081855388,12.985361527967259,,,901.0415688949522,9.39912687585266,12.279208731241473,12.989658935879946,47.33151432469304,47.282401091405184,1695.0011459754435,486.83811732605733,68.41197817189632,3.9018690313778994,1.0611323328785813,0.5224965893587995,9.970231923601638,12.989304229195088,13.887094133697135,9.954788540245566,13.882387448840383,49.24829467939973,49.18826739427012,1836.1341473397,528.3475170532059,73.98540245566167,4.223465211459755,1.27075034106412,0.553956343792633
2024-02-10 00:00:00,112,-51.458056,-25.395278,-51.45306,-25.4161,Guarapuava-SaoCristovao,Guarapuava,46.6844262295082,89.12978142076503,90.14022727272727,8.36707650273224,,,10.568142076502733,,11.123032786885247,11.176912568306012,,,902.3087295081967,8.367554644808743,10.568497267759563,11.176912568306012,42.14754098360656,42.14617486338798,1529.4634836065575,437.5460655737705,55.32322404371585,2.9515710382513665,0.8955874316939891,0.46711748633879785,8.765450819672132,11.12379781420765,11.946092896174864,8.76448087431694,11.946092896174864,43.862021857923494,43.85928961748634,1641.6737021857923,470.8573770491803,60.12426229508197,3.3196448087431696,1.1582377049180328,0.5509016393442623
2024-02-11 00:00:00,112,-51.458056,-25.395278,-51.45306,-25.4161,Guarapuava-SaoCristovao,Guarapuava,44.345628415300546,89.74590163934427,93.0566935483871,7.043620218579235,,,8.793469945355191,,9.269890710382514,9.347609289617486,,,902.686762295082,7.044672131147541,8.794112021857924,9.347609289617486,35.80464480874317,35.80327868852459,1327.4531284153004,377.54366120218583,44.65901639344263,2.50301912568306,0.8172814207650273,0.4182650273224044,7.326844262295082,9.270136612021858,10.01665300546448,7.324904371584699,10.01665300546448,37.59426229508197,37.59426229508197,1422.1495218579234,405.78147540983605,49.93042349726776,2.9251639344262292,1.0517896174863388,0.5007650273224044
2024-02-12 00:00:00,112,-51.458056,-25.395278,-51.45306,-25.4161,Guarapuava-SaoCristovao,Guarapuava,45.814207650273225,89.69945355191257,90.5333009708738,8.13863387978142,,,10.91561475409836,,11.383060109289618,12.013838797814207,,,902.1456830601093,8.631051912568307,11.50096994535519,12.197923497267759,40.14344262295082,38.88661202185792,1598.9631420765027,456.1539890710382,62.83784153005465,4.449658469945355,1.036775956284153,0.49107923497267764,8.996120218579234,12.033032786885247,12.93450819672131,8.416830601092895,12.708360655737705,41.71857923497268,40.35245901639344,1697.5190710382512,486.9164480874317,67.97443989071039,4.844699453551913,1.2598907103825137,0.5273087431693989
2024-02-13 00:00:00,112,-51.458056,-25.395278,-51.45306,-25.4161,Guarapuava-SaoCristovao,Guarapuava,58.23907103825137,84.57377049180327,86.3755501618123,6.541967213114755,,,8.897281420765028,,9.349877049180327,10.078374316939891,,,902.6532786885246,7.407991803278688,9.766598360655736,10.454043715846995,32.21857923497268,30.833333333333332,1357.111762295082,389.52867486338795,52.504972677595624,3.8619262295081964,1.0238524590163935,0.5003005464480875,7.801502732240437,10.314234972677594,11.196502732240438,6.838510928961749,10.74101092896175,33.77732240437158,32.35382513661202,1446.4805601092896,416.5960928961749,57.709863387978146,4.251420765027322,1.2321174863387978,0.5435245901639344
2024-02-14 00:00:00,112,-51.458056,-25.395278,-51.45306,-25.4161,Guarapuava-SaoCristovao,Guarapuava,63.18852459016394,83.37158469945355,100.41009771986971,7.764153005464481,,,10.562950819672132,,11.042131147540983,11.821229508196721,,,901.9606420765026,8.345983606557377,11.120491803278687,11.977472677595628,37.986338797814206,36.65983606557377,1508.9111338797813,434.0700683060109,60.63247267759563,4.797950819672131,1.2765710382513662,0.6272814207650274,8.767909836065574,11.666516393442622,12.774877049180327,8.101926229508196,12.576707650273223,39.54234972677595,38.068306010928964,1611.6897404371584,463.2738934426229,65.23987704918032,5.201994535519126,1.5606010928961747,0.6328142076502733
2024-02-15 00:00:00,112,-51.458056,-25.395278,-51.45306,-25.4161,Guarapuava-SaoCristovao,Guarapuava,62.80191256830601,77.89890710382514,100.0113128038898,0.41165300546448086,,,0.6272950819672132,,0.7235382513661203,0.7378825136612022,,,902.1834836065575,0.41172131147540986,0.6273360655737704,0.7378825136612022,2.5969945355191255,2.5956284153005464,217.68213114754099,57.498565573770485,6.096338797814208,0.4855737704918033,0.18676229508196723,0.09830601092896174,0.4615846994535519,0.7235382513661203,0.8865163934426229,0.4615573770491804,0.8865163934426229,3.009562841530055,3.009562841530055,218.63142076502734,62.59831967213115,7.508907103825136,0.60801912568306,0.2501775956284153,0.11853825136612021
2024-02-16 00:00:00,112,-51.458056,-25.395278,-51.45306,-25.4161,Guarapuava-SaoCristovao,Guarapuava,63.75187969924812,79.55488721804511,95.904125,1.7004962406015036,,,2.326766917293233,,2.5428571428571427,2.558496240601504,,,900.7602406015038,1.797112781954887,2.4886766917293235,2.7083007518796993,8.530827067669174,8.377443609022556,425.0895789473684,119.63212030075188,15.803323308270679,1.2663308270676692,0.3511278195488722,0.16793984962406017,1.939533834586466,2.744872180451128,3.0186917293233084,1.8222406015037593,2.82803007518797,9.17142857142857,8.965413533834587,453.66765413533835,130.31252631578948,18.691172932330826,1.485654135338346,0.41676691729323306,0.16639097744360903
2024-02-17 00:00:00,112,-51.458056,-25.395278,-51.45306,-25.4161,Guarapuava-SaoCristovao,Guarapuava,54.30464480874317,85.42896174863388,90.77535483870967,1.466174863387978,,,1.9734972677595628,,2.1367213114754096,2.193565573770492,,,899.0993306010929,1.520191256830601,2.045,2.26025956284153,7.9849726775956285,7.89207650273224,425.6779234972677,117.61188524590163,13.097964480874316,0.9705874316939891,0.33247267759562843,0.18192622950819673,1.6302322404371583,2.225068306010929,2.51146174863388,1.5627868852459017,2.426325136612022,8.57103825136612,8.448087431693988,452.1515710382514,128.28170765027323,15.168142076502733,1.147431693989071,0.4237021857923497,0.20596994535519128
2024-02-18 00:00:00,112,-51.458056,-25.395278,-51.45306,-25.4161,Guarapuava-SaoCristovao,Guarapuava,51.26092896174863,86.31830601092896,92.16911858974359,5.348265027322404,,,7.0289754098360655,,7.52587431693989,7.522650273224044,,,898.2598633879782,5.348265027322404,7.0289754098360655,7.522650273224044,28.288251366120218,28.288251366120218,1050.215724043716,299.8249043715847,40.8827868852459,2.283688524590164,0.7248907103825136,0.37700819672131153,5.693715846994536,7.52587431693989,8.187527322404373,5.693715846994536,8.187527322404373,29.8948087431694,29.8948087431694,1124.2364071038253,323.80204918032786,45.41325136612022,2.63042349726776,0.9207923497267759,0.42333333333333334
2024-02-19 00:00:00,112,-51.458056,-25.395278,-51.45306,-25.4161,Guarapuava-SaoCristovao,Guarapuava,57.53142076502732,79.69672131147541,99.95671999999999,2.7512841530054644,,,3.6345765027322408,,3.8996994535519125,4.0017759562841535,,,896.3000546448087,2.7514071038251364,3.6345765027322408,4.0017759562841535,15.020491803278688,15.020491803278688,642.3623087431695,177.46247267759563,20.489426229508197,1.547896174863388,0.5391120218579235,0.2798633879781421,2.920054644808743,3.8996994535519125,4.370382513661202,2.920054644808743,4.370382513661202,16.169398907103826,16.169398907103826,663.8018579234973,189.3148907103825,23.712472677595628,1.7438114754098362,0.6599043715846995,0.3112158469945355
2024-02-20 00:00:00,112,-51.458056,-25.395278,-51.45306,-25.4161,Guarapuava-SaoCristovao,Guarapuava,55.60655737704918,81.44535519125684,98.44568881685575,3.2128005464480873,,,4.10535519125683,,4.396489071038252,4.443087431693989,,,894.5088524590163,3.21594262295082,4.109439890710383,4.446079234972678,17.066939890710383,17.056010928961747,716.9333196721311,200.11091530054645,22.146639344262294,1.423551912568306,0.4949180327868853,0.2601366120218579,3.397363387978142,4.3991530054644805,4.8086338797814205,3.395232240437158,4.807431693989071,18.23224043715847,18.225409836065573,747.7948907103824,213.41657103825136,25.48418032786885,1.5903005464480873,0.5728005464480874,0.25560109289617483
2024-02-21 00:00:00,112,-51.458056,-25.395278,-51.45306,-25.4161,Guarapuava-SaoCristovao,Guarapuava,51.866206896551724,82.86896551724138,101.85734959349593,4.542096551724138,,,5.722068965517241,,6.058468965517242,6.069172413793103,,,895.6234482758621,4.557724137931034,5.744165517241378,6.087862068965517,23.784827586206898,23.73103448275862,909.7198206896552,258.3048275862069,31.17611034482759,1.5756275862068965,0.5027724137931034,0.26819310344827585,4.793365517241379,6.079710344827586,6.516041379310345,4.777531034482759,6.497448275862069,25.180689655172415,25.129655172413795,957.8428137931035,275.52628965517243,34.7684,1.6694896551724139,0.6060827586206897,0.28206896551724137
2024-02-22 00:00:00,112,-51.458056,-25.395278,-51.45306,-25.4161,Guarapuava-SaoCristovao,Guarapuava,52.07934336525308,83.94938440492476,93.39505691056911,3.9993296853625173,,,5.140054719562244,,5.439712722298221,5.588768809849521,,,896.3757592339261,4.088030095759234,5.223105335157319,5.6219835841313275,20.803009575923394,20.645690834473324,866.4113132694939,243.4266757865937,27.1706976744186,1.8298768809849522,0.5846374829001368,0.3038987688098495,4.312352941176471,5.53358413132695,6.025294117647059,4.21421340629275,5.985102599179206,22.013679890560876,21.845417236662108,906.2824487004103,258.60340629274964,30.672325581395352,1.9637482900136798,0.6865663474692203,0.2987824897400821
2024-02-23 00:00:00,112,-51.458056,-25.395278,-51.45306,-25.4161,Guarapuava-SaoCristovao,Guarapuava,52.92896174863388,85.56010928961749,87.90886363636363,5.734713114754099,,,7.134275956284153,,7.5927185792349725,7.6003278688524585,,,899.4306420765027,5.749795081967213,7.154139344262295,7.618073770491804,29.137978142076502,29.09426229508197,1137.4712978142077,321.635587431694,35.28338797814207,2.0891256830601095,0.6764617486338798,0.34863387978142074,6.057213114754099,7.61457650273224,8.210983606557377,6.039275956284153,8.190259562841531,30.907103825136613,30.8551912568306,1206.9430054644808,343.2169262295082,39.56994535519126,2.330081967213115,0.8383469945355191,0.3941393442622951
2024-02-24 00:00:00,112,-51.458056,-25.395278,-51.45306,-25.4161,Guarapuava-SaoCristovao,Guarapuava,53.98360655737705,86.89754098360656,83.74014610389611,7.403292349726776,,,9.321885245901639,,9.918756830601092,9.91747267759563,,,903.2118579234972,7.503674863387977,9.393756830601092,9.92006830601093,36.435792349726775,36.26912568306011,1415.783306010929,406.44139344262294,46.979207650273224,2.6766256830601094,0.7796174863387978,0.3955191256830601,7.978893442622951,10.000560109289617,10.658729508196721,7.845928961748634,10.6523087431694,38.650273224043715,38.454918032786885,1523.2311612021858,434.54136612021864,51.327336065573775,2.8835928961748634,0.9290163934426229,0.4210928961748634
2024-02-25 00:00:00,112,-51.458056,-25.395278,-51.45306,-25.4161,Guarapuava-SaoCristovao,Guarapuava,56.12158469945355,86.09016393442623,87.36604878048782,5.683169398907104,,,7.070819672131147,,7.586967213114754,7.457404371584699,,,905.2371448087431,5.683169398907104,7.070819672131147,7.457404371584699,29.30054644808743,29.30054644808743,1088.1026639344263,313.47524590163937,36.45176229508196,1.8232377049180326,0.5684289617486339,0.2856830601092896,6.064207650273224,7.586967213114754,8.091024590163935,6.064207650273224,8.091024590163935,31.2827868852459,31.2827868852459,1182.6704781420765,338.6217076502732,41.09006830601093,1.9525273224043715,0.6995628415300547,0.3297540983606557
2024-02-26 00:00:00,112,-51.458056,-25.395278,-51.45306,-25.4161,Guarapuava-SaoCristovao,Guarapuava,55.16120218579235,86.08333333333333,91.56695652173913,3.2412295081967213,,,4.247704918032787,,4.736830601092897,4.536352459016394,,,904.1634699453552,3.2524453551912567,4.260614754098361,4.54405737704918,17.387978142076502,17.35792349726776,720.6665846994534,206.1557650273224,25.973688524590166,1.3309972677595627,0.4181420765027322,0.22023224043715847,3.616284153005464,4.75162568306011,5.154562841530055,3.600928961748634,5.146147540983606,19.37568306010929,19.34016393442623,779.7815300546448,224.1931693989071,29.953224043715846,1.5610245901639346,0.5629918032786886,0.2511748633879782
2024-02-27 00:00:00,112,-51.458056,-25.395278,-51.45306,-25.4161,Guarapuava-SaoCristovao,Guarapuava,56.59644322845417,85.22571819425444,86.59818035426731,5.5767852257181945,,,7.618590971272229,,8.087633378932969,8.882708618331053,,,900.3842954856361,6.213255813953489,8.736525307797537,9.357236662106704,28.400820793433653,26.748290013679892,1171.599001367989,335.27166894664845,45.89179206566347,4.786320109439124,1.6715321477428182,0.8668673050615594,6.426032831737347,8.742694938440492,10.207387140902874,5.917852257181942,9.634035567715458,29.52530779753762,28.303693570451436,1251.6120930232557,359.6539398084816,51.034993160054725,5.40515731874145,2.0412722298221615,0.974295485636115
2024-02-28 00:00:00,112,-51.458056,-25.395278,-51.45306,-25.4161,Guarapuava-SaoCristovao,Guarapuava,54.30464480874317,86.92896174863388,85.99157392686804,10.750040983606556,,,14.137964480874317,,14.901147540983606,15.324795081967213,,,899.962363387978,11.236202185792349,14.57136612021858,15.455628415300547,48.1448087431694,47.26639344262295,2004.7467486338799,576.6534836065573,76.83594262295082,5.103428961748634,1.3078825136612022,0.6428688524590164,12.005806010928962,15.428346994535518,16.58441256830601,11.363948087431694,16.40931693989071,50.290983606557376,49.28551912568306,2165.8221584699454,621.2418169398907,81.73950819672132,5.422882513661202,1.6140437158469945,0.6931967213114755
2024-02-29 00:00:00,112,-51.458056,-25.395278,-51.45306,-25.4161,Guarapuava-SaoCristovao,Guarapuava,54.79234972677595,85.71857923497268,89.49511400651465,3.8124453551912567,,,5.276161202185793,,5.698292349726776,5.868784153005464,,,901.2981010928961,3.862199453551913,5.336420765027323,5.876215846994536,20.18169398907104,20.040983606557376,822.2582377049181,232.6113387978142,31.779071038251363,2.8076092896174862,0.83,0.4056830601092896,4.165628415300546,5.768811475409836,6.474508196721311,4.101256830601093,6.461912568306011,21.683060109289617,21.51775956284153,877.0468169398907,250.7651229508197,35.408811475409834,3.1652185792349727,1.0089890710382514,0.43790983606557377
2024-03-01 00:00:00,112,-51.458056,-25.395278,-51.45306,-25.4161,Guarapuava-SaoCristovao,Guarapuava,50.685792349726775,87.30054644808743,92.47567961165049,10.823551912568306,,,15.290218579234974,,15.895532786885246,17.749535519125683,,,900.4814071038252,11.989426229508197,16.74978142076503,18.350969945355192,51.30874316939891,48.14071038251366,2167.481967213115,620.0640573770492,91.1133606557377,9.71077868852459,2.384262295081967,1.143811475409836,12.70049180327869,17.579754098360656,19.650601092896174,11.29915300546448,18.840150273224044,53.39207650273224,49.71448087431694,2314.871898907104,665.2250273224043,98.59069672131147,10.53386612021858,2.8868032786885243,1.201188524590164
2024-03-02 00:00:00,112,-51.458056,-25.395278,-51.45306,-25.4161,Guarapuava-SaoCristovao,Guarapuava,49.12311901504788,87.3296853625171,91.06824193548387,3.386292749658003,,,4.386949384404925,,4.803761969904241,4.716333789329685,,,900.5566484268127,3.3863201094391244,4.386949384404925,4.716333789329685,18.259917920656633,18.259917920656633,766.6355677154583,216.69808481532147,25.2203146374829,1.4972777017783858,0.4900683994528044,0.2618194254445964,3.67469220246238,4.803761969904241,5.2396306429548565,3.6746511627906977,5.2396306429548565,19.986320109439124,19.986320109439124,817.805170998632,233.50908344733244,28.922229822161423,1.682079343365253,0.6234336525307798,0.27785225718194256
2024-03-03 00:00:00,112,-51.458056,-25.395278,-51.45306,-25.4161,Guarapuava-SaoCristovao,Guarapuava,46.19945355191257,88.86065573770492,88.57575364667747,5.129931693989072,,,6.93672131147541,,7.497540983606557,7.777117486338798,,,899.9333060109291,5.569043715846995,7.440450819672131,8.0349043715847,26.316939890710383,25.51366120218579,1132.6978142076503,323.804043715847,40.9622131147541,3.2127049180327867,0.8850000000000001,0.45265027322404366,6.062144808743169,8.053825136612021,8.801912568306012,5.562595628415301,8.508579234972677,28.312841530054644,27.46311475409836,1223.455150273224,349.2282513661202,45.65013661202186,3.4055054644808744,1.0422677595628416,0.471844262295082
2024-03-04 00:00:00,112,-51.458056,-25.395278,-51.45306,-25.4161,Guarapuava-SaoCristovao,Guarapuava,50.6707650273224,85.89617486338798,87.3076252019386,4.04285519125683,,,5.197827868852459,,5.659084699453552,5.685040983606557,,,899.8056830601093,4.054057377049181,5.211065573770492,5.690969945355191,21.396174863387976,21.367486338797814,867.6475956284154,245.7678825136612,28.106161202185792,1.9626912568306012,0.6979234972677596,0.3776639344262295,4.3825956284153005,5.675874316939891,6.2970491803278685,4.368565573770492,6.289576502732241,23.2827868852459,23.24590163934426,928.4154371584699,264.2823497267759,32.23800546448088,2.2620765027322403,0.8592213114754099,0.4103551912568306
2024-03-05 00:00:00,112,-51.458056,-25.395278,-51.45306,-25.4161,Guarapuava-SaoCristovao,Guarapuava,58.39587242026266,81.42776735459663,86.4892731277533,3.3637523452157603,,,4.2775046904315195,,4.632945590994372,4.685609756097561,,,900.1243339587243,3.368048780487805,4.282607879924953,4.691200750469043,17.28330206378987,17.27392120075047,737.4395309568481,207.03943714821764,22.465684803001874,1.624953095684803,0.5982551594746717,0.3253846153846154,3.5873545966228892,4.637992495309569,5.174896810506566,3.581894934333959,5.168574108818011,18.607879924953096,18.598499061913696,781.1251969981238,221.74148217636025,25.891500938086303,1.9237711069418384,0.7477673545966229,0.36075046904315194
2024-05-07 21:00:00,187823,-51.458056,-25.395278,-51.4844,-25.4161,Guarapuava-Cedeteg,Guarapuava,45.858,84.517,171.749,16.223,15.912,16.534,23.643,23.198,24.088,28.743,27.926,29.56,,,,,,,,,,,,,,,,,,,,,,,,,
2024-05-08 21:00:00,187823,-51.458056,-25.395278,-51.4844,-25.4161,Guarapuava-Cedeteg,Guarapuava,49.45,83.292,99.201,14.312,13.99,14.634,19.504,19.051,19.957,22.124,21.431,22.817,,,,,,,,,,,,,,,,,,,,,,,,,
2024-05-09 21:00:00,187823,-51.458056,-25.395278,-51.4844,-25.4161,Guarapuava-Cedeteg,Guarapuava,59.078,79.303,77.641,15.766000000000002,15.438,16.094,22.1035,21.634,22.573,25.255,24.47,26.04,,,,,,,,,,,,,,,,,,,,,,,,,
