time_stamp,index_no,City_long,City_lat,long,lat,name,city,humidity,temperature,voc,pm1.0_atm,pm1.0_atm_a,pm1.0_atm_b,pm2.5_atm,pm2.5_atm_a,pm2.5_atm_b,pm10.0_atm,pm10.0_atm_a,pm10.0_atm_b,pressure
2024-03-28 21:00:00,187799.0,-50.161944,-25.095,-50.1587,-25.0638,PontaGrossa-Residencial,Ponta Grossa,51.698,84.042,77.083,2.4645,2.865,2.064,3.099,3.536,2.662,3.518,3.987,3.049,
2024-03-29 21:00:00,187799.0,-50.161944,-25.095,-50.1587,-25.0638,PontaGrossa-Residencial,Ponta Grossa,51.964,86.541,69.662,9.509,10.068,8.95,15.5215,16.126,14.917,17.819,18.61,17.028,
2024-03-30 21:00:00,187799.0,-50.161944,-25.095,-50.1587,-25.0638,PontaGrossa-Residencial,Ponta Grossa,48.358,87.783,74.041,8.847999999999999,9.684,8.012,11.221,12.112,10.33,12.23,13.174,11.286,
2024-03-31 21:00:00,187799.0,-50.161944,-25.095,-50.1587,-25.0638,PontaGrossa-Residencial,Ponta Grossa,58.428,82.233,79.018,9.0625,9.902,8.223,11.2825,12.202,10.363,12.1575,13.154,11.161,
2024-04-01 21:00:00,187799.0,-50.161944,-25.095,-50.1587,-25.0638,PontaGrossa-Residencial,Ponta Grossa,51.596,87.005,77.529,10.298,11.187,9.409,13.0895,14.086,12.093,14.206,15.275,13.137,
2024-04-02 21:00:00,187799.0,-50.161944,-25.095,-50.1587,-25.0638,PontaGrossa-Residencial,Ponta Grossa,55.135,86.454,71.996,11.909,12.932,10.886,14.573,15.666,13.48,15.531,16.708,14.354,
2024-04-03 21:00:00,187799.0,-50.161944,-25.095,-50.1587,-25.0638,PontaGrossa-Residencial,Ponta Grossa,54.45,88.33,73.434,15.831,16.928,14.734,20.183,21.388,18.978,21.527,22.852,20.202,
2024-04-04 21:00:00,187799.0,-50.161944,-25.095,-50.1587,-25.0638,PontaGrossa-Residencial,Ponta Grossa,52.751,89.496,71.02,18.714,19.796,17.632,24.8285,25.984,23.673,27.322000000000003,28.748,25.896,
2024-04-05 21:00:00,187799.0,-50.161944,-25.095,-50.1587,-25.0638,PontaGrossa-Residencial,Ponta Grossa,61.758,77.831,78.338,2.5505,2.948,2.153,3.4565,3.886,3.027,4.1755,4.633,3.718,
2024-04-06 21:00:00,187799.0,-50.161944,-25.095,-50.1587,-25.0638,PontaGrossa-Residencial,Ponta Grossa,63.579,75.629,77.914,2.4715,2.781,2.162,3.3245,3.674,2.975,3.8505,4.24,3.461,
2024-04-07 21:00:00,187799.0,-50.161944,-25.095,-50.1587,-25.0638,PontaGrossa-Residencial,Ponta Grossa,71.724,76.3,68.655,7.5095,8.105,6.914,10.027,10.672,9.382,10.6655,11.373,9.958,
2024-04-08 21:00:00,187799.0,-50.161944,-25.095,-50.1587,-25.0638,PontaGrossa-Residencial,Ponta Grossa,58.469,83.707,73.298,3.404,3.824,2.984,4.3155,4.759,3.872,4.71,5.17,4.25,
2024-04-09 21:00:00,187799.0,-50.161944,-25.095,-50.1587,-25.0638,PontaGrossa-Residencial,Ponta Grossa,53.789,86.367,81.156,9.841,10.725,8.957,12.2325,13.169,11.296,12.7675,13.754,11.781,
2024-04-10 21:00:00,187799.0,-50.161944,-25.095,-50.1587,-25.0638,PontaGrossa-Residencial,Ponta Grossa,57.971,83.21,86.065,11.14,11.957,10.323,14.3115,15.152,13.471,15.0205,15.917,14.124,
2024-04-11 21:00:00,187799.0,-50.161944,-25.095,-50.1587,-25.0638,PontaGrossa-Residencial,Ponta Grossa,56.749,81.908,86.187,7.800000000000001,8.47,7.13,9.8985,10.631,9.166,10.6935,11.479,9.908,
2024-04-12 21:00:00,187799.0,-50.161944,-25.095,-50.1587,-25.0638,PontaGrossa-Residencial,Ponta Grossa,62.575,80.519,81.047,5.376,5.921,4.831,6.6585,7.25,6.067,7.2265,7.835,6.618,
2024-04-13 21:00:00,187799.0,-50.161944,-25.095,-50.1587,-25.0638,PontaGrossa-Residencial,Ponta Grossa,74.683,76.677,83.768,7.9455,8.695,7.196,10.2665,11.082,9.451,10.9935,11.863,10.124,
2024-04-14 21:00:00,187799.0,-50.161944,-25.095,-50.1587,-25.0638,PontaGrossa-Residencial,Ponta Grossa,73.453,76.711,70.191,2.7245,3.188,2.261,3.4265,3.941,2.912,3.714,4.25,3.178,
2024-04-15 21:00:00,187799.0,-50.161944,-25.095,-50.1587,-25.0638,PontaGrossa-Residencial,Ponta Grossa,71.356,78.424,72.473,8.495999999999999,9.344,7.648,11.0565,11.954,10.159,11.8455,12.804,10.887,
2024-04-16 21:00:00,187799.0,-50.161944,-25.095,-50.1587,-25.0638,PontaGrossa-Residencial,Ponta Grossa,60.854,81.752,80.914,2.4770000000000003,2.911,2.043,3.153,3.61,2.696,3.5375,4.01,3.065,
2024-04-17 21:00:00,187799.0,-50.161944,-25.095,-50.1587,-25.0638,PontaGrossa-Residencial,Ponta Grossa,42.696,78.965,81.603,6.5705,7.291,5.85,8.6055,9.427,7.784,9.618,10.489,8.747,
2024-04-18 21:00:00,187799.0,-50.161944,-25.095,-50.1587,-25.0638,PontaGrossa-Residencial,Ponta Grossa,46.86,76.487,66.997,4.2405,4.7,3.781,5.534,6.063,5.005,6.077,6.63,5.524,
2024-04-19 21:00:00,187799.0,-50.161944,-25.095,-50.1587,-25.0638,PontaGrossa-Residencial,Ponta Grossa,51.693,76.107,67.197,3.1285,3.551,2.706,4.0705,4.523,3.618,4.6435,5.115,4.172,
2024-04-20 21:00:00,187799.0,-50.161944,-25.095,-50.1587,-25.0638,PontaGrossa-Residencial,Ponta Grossa,51.695,79.99,71.917,8.8,9.596,8.004,11.5515,12.446,10.657,12.4705,13.473,11.468,
2024-04-21 21:00:00,187799.0,-50.161944,-25.095,-50.1587,-25.0638,PontaGrossa-Residencial,Ponta Grossa,48.293,80.551,80.766,9.418,10.316,8.52,12.1745,13.188,11.161,13.2795,14.409,12.15,
2024-04-22 21:00:00,187799.0,-50.161944,-25.095,-50.1587,-25.0638,PontaGrossa-Residencial,Ponta Grossa,54.011,80.479,85.294,10.3425,11.355,9.33,13.0465,14.183,11.91,14.1595,15.357,12.962,
2024-04-23 21:00:00,187799.0,-50.161944,-25.095,-50.1587,-25.0638,PontaGrossa-Residencial,Ponta Grossa,50.556,83.518,82.873,10.585,11.57,9.6,13.47,14.554,12.386,14.624,15.793,13.455,
2024-04-24 21:00:00,187799.0,-50.161944,-25.095,-50.1587,-25.0638,PontaGrossa-Residencial,Ponta Grossa,59.523,81.539,66.719,4.765499999999999,5.335,4.196,5.968500000000001,6.57,5.367,6.4605,7.093,5.828,
2024-04-25 21:00:00,187799.0,-50.161944,-25.095,-50.1587,-25.0638,PontaGrossa-Residencial,Ponta Grossa,58.025,80.833,76.64,2.711,2.977,2.445,3.4555,3.76,3.151,3.7615,4.096,3.427,
2024-04-26 21:00:00,187799.0,-50.161944,-25.095,-50.1587,-25.0638,PontaGrossa-Residencial,Ponta Grossa,59.167,81.214,76.377,13.9605,15.047,12.874,18.439,19.597,17.281,19.6845,20.993,18.376,
2024-04-27 21:00:00,187799.0,-50.161944,-25.095,-50.1587,-25.0638,PontaGrossa-Residencial,Ponta Grossa,53.963,84.447,73.305,12.5655,13.666,11.465,16.257,17.431,15.083,17.6505,18.924,16.377,
2024-04-28 21:00:00,187799.0,-50.161944,-25.095,-50.1587,-25.0638,PontaGrossa-Residencial,Ponta Grossa,53.057,85.7,68.553,10.2405,11.111,9.37,13.242,14.171,12.313,14.3495,15.359,13.34,
2024-04-29 21:00:00,187799.0,-50.161944,-25.095,-50.1587,-25.0638,PontaGrossa-Residencial,Ponta Grossa,48.615,85.034,74.805,13.5435,14.461,12.626,18.149,19.228,17.07,19.941000000000003,21.253,18.629,
2024-04-30 21:00:00,187799.0,-50.161944,-25.095,-50.1587,-25.0638,PontaGrossa-Residencial,Ponta Grossa,48.336,85.164,76.182,8.338,9.094,7.582,10.6685,11.506,9.831,11.7435,12.651,10.836,
2024-05-01 21:00:00,187799.0,-50.161944,-25.095,-50.1587,-25.0638,PontaGrossa-Residencial,Ponta Grossa,52.432,84.123,76.816,6.888,7.583,6.193,9.011,9.771,8.251,10.072,10.878,9.266,
2024-05-02 21:00:00,187799.0,-50.161944,-25.095,-50.1587,-25.0638,PontaGrossa-Residencial,Ponta Grossa,49.693,83.697,73.104,5.1055,5.581,4.63,6.8795,7.375,6.384,7.9465,8.5,7.393,
2024-05-03 21:00:00,187799.0,-50.161944,-25.095,-50.1587,-25.0638,PontaGrossa-Residencial,Ponta Grossa,52.014,83.983,73.894,8.0155,8.744,7.287,10.5915,11.39,9.793,11.7215,12.604,10.839,
2024-05-04 21:00:00,187799.0,-50.161944,-25.095,-50.1587,-25.0638,PontaGrossa-Residencial,Ponta Grossa,40.846,86.383,90.4,20.2885,21.534,19.043,28.76,29.961,27.559,32.9045,34.456,31.353,
2024-05-05 21:00:00,187799.0,-50.161944,-25.095,-50.1587,-25.0638,PontaGrossa-Residencial,Ponta Grossa,48.554,82.736,71.589,13.351,14.278,12.424,18.146,19.155,17.137,20.0075,21.161,18.854,
2024-05-06 21:00:00,187799.0,-50.161944,-25.095,-50.1587,-25.0638,PontaGrossa-Residencial,Ponta Grossa,46.042,83.792,72.915,12.4925,13.353,11.632,17.134,18.108,16.16,19.1035,20.263,17.944,
2024-05-07 21:00:00,187799.0,-50.161944,-25.095,-50.1587,-25.0638,PontaGrossa-Residencial,Ponta Grossa,50.492,82.665,73.467,8.4545,9.248,7.661,11.6775,12.518,10.837,13.497,14.518,12.476,
2024-05-08 21:00:00,187786.0,-50.161944,-25.095,-50.1552,-25.0627,PontaGrossa-UTFPR,Ponta Grossa,40.9705,89.7135,90.55,5.8785,6.2315000000000005,5.5255,8.045,8.4625,7.6274999999999995,9.557500000000001,9.986,9.129000000000001,
2024-05-09 21:00:00,187786.0,-50.161944,-25.095,-50.1552,-25.0627,PontaGrossa-UTFPR,Ponta Grossa,51.688500000000005,82.25200000000001,87.532,5.879,6.2475000000000005,5.5105,7.7997499999999995,8.2285,7.3709999999999996,8.935500000000001,9.372,8.498999999999999,
2024-05-10 21:00:00,187786.0,-50.161944,-25.095,-50.1552,-25.0627,PontaGrossa-UTFPR,Ponta Grossa,45.4845,84.106,82.3615,10.118749999999999,10.738,9.4995,13.304000000000002,14.02,12.588000000000001,14.967500000000001,15.711000000000002,14.224,
2024-05-11 21:00:00,187786.0,-50.161944,-25.095,-50.1552,-25.0627,PontaGrossa-UTFPR,Ponta Grossa,45.539500000000004,82.11,78.9405,10.201,10.742999999999999,9.658999999999999,14.258000000000001,14.9145,13.601500000000001,16.4655,17.139,15.792000000000002,
2024-05-12 21:00:00,187786.0,-50.161944,-25.095,-50.1552,-25.0627,PontaGrossa-UTFPR,Ponta Grossa,48.128,79.84549999999999,70.868,7.809000000000001,8.3065,7.3115000000000006,10.179,10.7625,9.595500000000001,11.32075,11.89,10.7515,
2024-05-13 21:00:00,187786.0,-50.161944,-25.095,-50.1552,-25.0627,PontaGrossa-UTFPR,Ponta Grossa,60.559,76.47749999999999,83.7005,9.123999999999999,9.6205,8.627500000000001,11.96275,12.527999999999999,11.3975,12.63975,13.2195,12.06,
2024-05-14 21:00:00,187786.0,-50.161944,-25.095,-50.1552,-25.0627,PontaGrossa-UTFPR,Ponta Grossa,61.223,70.49,80.971,3.0484999999999998,3.239,2.858,4.38425,4.6145,4.154,4.72225,4.9555,4.489,
2024-05-15 21:00:00,187786.0,-50.161944,-25.095,-50.1552,-25.0627,PontaGrossa-UTFPR,Ponta Grossa,59.016000000000005,74.3875,74.267,4.32475,4.6365,4.013,5.91525,6.2965,5.534000000000001,6.505750000000001,6.923500000000001,6.088,
2024-05-16 21:00:00,187786.0,-50.161944,-25.095,-50.1552,-25.0627,PontaGrossa-UTFPR,Ponta Grossa,52.358999999999995,79.6895,79.293,12.14625,12.784,11.5085,15.67825,16.4725,14.884,17.16375,17.933,16.3945,
2024-05-17 21:00:00,187786.0,-50.161944,-25.095,-50.1552,-25.0627,PontaGrossa-UTFPR,Ponta Grossa,66.2145,76.46799999999999,90.38650000000001,10.747499999999999,11.464500000000001,10.0305,13.594000000000001,14.416,12.772,14.74425,15.59,13.8985,
2024-05-18 21:00:00,187786.0,-50.161944,-25.095,-50.1552,-25.0627,PontaGrossa-UTFPR,Ponta Grossa,65.217,72.68299999999999,77.6385,5.6235,6.0435,5.2035,7.2010000000000005,7.683,6.718999999999999,7.7155000000000005,8.2055,7.2255,
2024-05-19 21:00:00,187786.0,-50.161944,-25.095,-50.1552,-25.0627,PontaGrossa-UTFPR,Ponta Grossa,53.864999999999995,77.7775,71.62299999999999,5.162999999999999,5.5095,4.8165,6.48875,6.8825,6.095000000000001,7.06325,7.465999999999999,6.660500000000001,
2024-05-20 21:00:00,187786.0,-50.161944,-25.095,-50.1552,-25.0627,PontaGrossa-UTFPR,Ponta Grossa,54.2385,78.795,75.9435,2.5705,2.7784999999999997,2.3625,3.46725,3.6834999999999996,3.2510000000000003,3.7832500000000002,4.004,3.5625,
2024-05-21 21:00:00,187786.0,-50.161944,-25.095,-50.1552,-25.0627,PontaGrossa-UTFPR,Ponta Grossa,56.4295,76.9025,81.77850000000001,8.61075,9.125499999999999,8.096,11.302499999999998,11.884,10.721,12.100750000000001,12.6795,11.521999999999998,
2024-05-22 21:00:00,187786.0,-50.161944,-25.095,-50.1552,-25.0627,PontaGrossa-UTFPR,Ponta Grossa,50.8565,79.168,90.82849999999999,15.90325,16.477,15.3295,22.643,23.4435,21.8425,25.81675,26.6085,25.025,
2024-05-23 21:00:00,187786.0,-50.161944,-25.095,-50.1552,-25.0627,PontaGrossa-UTFPR,Ponta Grossa,64.2085,73.257,79.396,4.15175,4.4704999999999995,3.833,5.542,5.913,5.171,6.2355,6.5925,5.878500000000001,
2024-05-24 21:00:00,187799.0,-50.161944,-25.095,-50.1587,-25.0638,PontaGrossa-Residencial,Ponta Grossa,51.962,72.295,84.779,4.125500000000001,4.679,3.572,5.166,5.783,4.549,5.663,6.294,5.032,
2024-05-25 21:00:00,187799.0,-50.161944,-25.095,-50.1587,-25.0638,PontaGrossa-Residencial,Ponta Grossa,65.058,63.833,76.887,1.802,2.021,1.583,2.502,2.766,2.238,2.7355,3.011,2.46,
2024-05-26 21:00:00,187799.0,-50.161944,-25.095,-50.1587,-25.0638,PontaGrossa-Residencial,Ponta Grossa,70.526,65.813,73.023,1.371,1.552,1.19,1.8365,2.056,1.617,1.9975,2.237,1.758,
2024-05-27 21:00:00,187799.0,-50.161944,-25.095,-50.1587,-25.0638,PontaGrossa-Residencial,Ponta Grossa,55.497,63.318,70.632,1.4580000000000002,1.737,1.179,1.9855,2.317,1.654,2.2485,2.601,1.896,
2024-05-28 21:00:00,187799.0,-50.161944,-25.095,-50.1587,-25.0638,PontaGrossa-Residencial,Ponta Grossa,46.713,68.068,85.847,6.263,6.883,5.643,9.054,9.695,8.413,10.454,11.167,9.741,
2024-05-29 21:00:00,187799.0,-50.161944,-25.095,-50.1587,-25.0638,PontaGrossa-Residencial,Ponta Grossa,48.628,69.342,79.594,6.4775,7.098,5.857,9.1475,9.813,8.482,10.398,11.086,9.71,
2024-05-30 21:00:00,187799.0,-50.161944,-25.095,-50.1587,-25.0638,PontaGrossa-Residencial,Ponta Grossa,51.467,66.684,92.747,3.9755,4.371,3.58,6.121,6.539,5.703,7.1945,7.657,6.732,
2024-05-31 21:00:00,187799.0,-50.161944,-25.095,-50.1587,-25.0638,PontaGrossa-Residencial,Ponta Grossa,52.726,69.962,76.759,4.4575,4.992,3.923,5.855499999999999,6.475,5.236,6.525,7.191,5.859,
2024-06-01 21:00:00,187799.0,-50.161944,-25.095,-50.1587,-25.0638,PontaGrossa-Residencial,Ponta Grossa,53.154,72.636,79.21,13.2345,14.312,12.157,18.937,20.074,17.8,21.2945,22.677,19.912,
2024-06-02 21:00:00,187799.0,-50.161944,-25.095,-50.1587,-25.0638,PontaGrossa-Residencial,Ponta Grossa,44.318,79.329,73.853,13.9075,14.833,12.982,18.82,19.903,17.737,20.778,22.05,19.506,
2024-06-03 21:00:00,187799.0,-50.161944,-25.095,-50.1587,-25.0638,PontaGrossa-Residencial,Ponta Grossa,58.704,72.072,74.973,7.387499999999999,7.962,6.813,9.9515,10.616,9.287,11.1215,11.858,10.385,
2024-06-04 21:00:00,187799.0,-50.161944,-25.095,-50.1587,-25.0638,PontaGrossa-Residencial,Ponta Grossa,54.285,73.79,88.503,5.3285,5.658,4.999,7.781,8.12,7.442,8.628,9.053,8.203,
2024-06-05 21:00:00,187799.0,-50.161944,-25.095,-50.1587,-25.0638,PontaGrossa-Residencial,Ponta Grossa,45.618,78.931,88.934,13.493,14.323,12.663,18.611,19.499,17.723,20.814,21.954,19.674,
2024-06-06 21:00:00,187799.0,-50.161944,-25.095,-50.1587,-25.0638,PontaGrossa-Residencial,Ponta Grossa,40.965,79.02,96.68,12.49,13.343,11.637,16.6545,17.633,15.676,18.4555,19.602,17.309,
2024-06-07 21:00:00,187799.0,-50.161944,-25.095,-50.1587,-25.0638,PontaGrossa-Residencial,Ponta Grossa,41.722,78.818,70.853,14.181,15.142,13.22,18.4415,19.549,17.334,20.079,21.34,18.818,
2024-06-08 21:00:00,187799.0,-50.161944,-25.095,-50.1587,-25.0638,PontaGrossa-Residencial,Ponta Grossa,49.586,75.497,80.479,16.6475,17.648,15.647,22.843,24.045,21.641,25.677,27.206,24.148,
2024-06-09 21:00:00,187799.0,-50.161944,-25.095,-50.1587,-25.0638,PontaGrossa-Residencial,Ponta Grossa,49.036,78.536,76.465,11.8375,12.783,10.892,15.6125,16.666,14.559,17.359,18.511,16.207,
2024-06-10 21:00:00,187799.0,-50.161944,-25.095,-50.1587,-25.0638,PontaGrossa-Residencial,Ponta Grossa,44.454,82.794,71.206,12.536,13.377,11.695,16.990000000000002,17.936,16.044,18.9975,20.111,17.884,
2024-06-11 21:00:00,187799.0,-50.161944,-25.095,-50.1587,-25.0638,PontaGrossa-Residencial,Ponta Grossa,48.532,77.981,76.816,13.101,13.957,12.245,18.126,19.052,17.2,20.0755,21.154,18.997,
2024-06-12 21:00:00,187799.0,-50.161944,-25.095,-50.1587,-25.0638,PontaGrossa-Residencial,Ponta Grossa,44.217,75.631,81.308,14.864,15.779,13.949,20.669,21.677,19.661,23.163,24.37,21.956,
2024-06-13 21:00:00,187799.0,-50.161944,-25.095,-50.1587,-25.0638,PontaGrossa-Residencial,Ponta Grossa,40.864,76.557,72.188,9.249,9.95,8.548,12.5825,13.339,11.826,14.2545,15.079,13.43,
2024-06-14 21:00:00,187799.0,-50.161944,-25.095,-50.1587,-25.0638,PontaGrossa-Residencial,Ponta Grossa,46.563,78.571,85.285,14.23,15.157,13.303,20.253,21.234,19.272,23.3335,24.633,22.034,
2024-06-15 21:00:00,187799.0,-50.161944,-25.095,-50.1587,-25.0638,PontaGrossa-Residencial,Ponta Grossa,45.69,77.889,75.801,10.383500000000002,11.255,9.512,13.7575,14.706,12.809,15.357,16.411,14.303,
2024-06-16 21:00:00,187799.0,-50.161944,-25.095,-50.1587,-25.0638,PontaGrossa-Residencial,Ponta Grossa,43.854,80.753,75.031,15.0365,16.044,14.029,20.899,21.978,19.82,23.8005,25.015,22.586,
2024-06-17 21:00:00,187799.0,-50.161944,-25.095,-50.1587,-25.0638,PontaGrossa-Residencial,Ponta Grossa,44.114,77.015,70.084,9.659,10.445,8.873,13.008,13.88,12.136,14.7065,15.644,13.769,
2024-06-18 21:00:00,187799.0,-50.161944,-25.095,-50.1587,-25.0638,PontaGrossa-Residencial,Ponta Grossa,43.474,76.457,89.786,8.285,9.03,7.54,11.6815,12.446,10.917,13.75,14.637,12.863,
2024-06-19 21:00:00,187799.0,-50.161944,-25.095,-50.1587,-25.0638,PontaGrossa-Residencial,Ponta Grossa,40.89,81.775,73.301,13.546,14.47,12.622,18.123,19.116,17.13,20.6075,21.723,19.492,
2024-06-20 21:00:00,187799.0,-50.161944,-25.095,-50.1587,-25.0638,PontaGrossa-Residencial,Ponta Grossa,50.112,76.656,66.61,16.7005,17.71,15.691,22.592,23.779,21.405,24.9115,26.281,23.542,
2024-06-21 21:00:00,187799.0,-50.161944,-25.095,-50.1587,-25.0638,PontaGrossa-Residencial,Ponta Grossa,52.149,73.674,75.391,13.855,14.948,12.762,18.445,19.655,17.235,20.225,21.565,18.885,
2024-06-22 21:00:00,187799.0,-50.161944,-25.095,-50.1587,-25.0638,PontaGrossa-Residencial,Ponta Grossa,46.658,78.015,73.779,13.2575,14.237,12.278,18.4825,19.523,17.442,21.3005,22.42,20.181,
2024-06-23 21:00:00,187799.0,-50.161944,-25.095,-50.1587,-25.0638,PontaGrossa-Residencial,Ponta Grossa,46.986,78.878,69.104,5.981999999999999,6.645,5.319,7.788,8.51,7.066,8.9635,9.734,8.193,
2024-06-24 21:00:00,187799.0,-50.161944,-25.095,-50.1587,-25.0638,PontaGrossa-Residencial,Ponta Grossa,69.613,68.064,80.151,2.3795,2.728,2.031,3.1335,3.528,2.739,3.484,3.896,3.072,
2024-06-25 21:00:00,187799.0,-50.161944,-25.095,-50.1587,-25.0638,PontaGrossa-Residencial,Ponta Grossa,69.137,67.594,76.403,12.038,12.903,11.173,16.581,17.569,15.593,17.5885,18.737,16.44,
2024-06-26 21:00:00,187799.0,-50.161944,-25.095,-50.1587,-25.0638,PontaGrossa-Residencial,Ponta Grossa,52.688,73.403,72.682,10.5975,11.216,9.979,14.8305,15.55,14.111,16.326,17.326,15.326,
2024-06-27 21:00:00,187799.0,-50.161944,-25.095,-50.1587,-25.0638,PontaGrossa-Residencial,Ponta Grossa,61.297,70.442,67.069,14.6895,15.704,13.675,19.881500000000003,21.047,18.716,21.0945,22.379,19.81,
2024-06-28 21:00:00,187799.0,-50.161944,-25.095,-50.1587,-25.0638,PontaGrossa-Residencial,Ponta Grossa,51.894,73.489,84.019,15.823,16.713,14.933,21.8815,22.865,20.898,24.1295,25.401,22.858,
2024-06-29 21:00:00,187799.0,-50.161944,-25.095,-50.1587,-25.0638,PontaGrossa-Residencial,Ponta Grossa,36.519,67.594,88.339,13.208,14.096,12.32,18.3545,19.324,17.385,20.496,21.594,19.398,
2024-06-30 21:00:00,187799.0,-50.161944,-25.095,-50.1587,-25.0638,PontaGrossa-Residencial,Ponta Grossa,43.31,69.051,75.915,11.0705,11.774,10.367,15.2365,15.986,14.487,16.732,17.591,15.873,
2024-07-01 21:00:00,187799.0,-50.161944,-25.095,-50.1587,-25.0638,PontaGrossa-Residencial,Ponta Grossa,41.7,71.694,76.928,10.9135,11.684,10.143,15.105,15.977,14.233,16.8045,17.793,15.816,
2024-07-02 21:00:00,187799.0,-50.161944,-25.095,-50.1587,-25.0638,PontaGrossa-Residencial,Ponta Grossa,43.073,75.204,84.899,15.3235,16.481,14.166,20.4745,21.811,19.138,22.2865,23.691,20.882,914.202
2024-07-03 21:00:00,187799.0,-50.161944,-25.095,-50.1587,-25.0638,PontaGrossa-Residencial,Ponta Grossa,37.817,77.239,74.644,14.484,15.54,13.428,19.0195,20.205,17.834,20.67,21.944,19.396,912.874
2024-07-04 21:00:00,187799.0,-50.161944,-25.095,-50.1587,-25.0638,PontaGrossa-Residencial,Ponta Grossa,36.519,77.804,82.652,15.3495,16.42,14.279,20.2885,21.479,19.098,22.132,23.419,20.845,914.161
2024-07-05 21:00:00,187799.0,-50.161944,-25.095,-50.1587,-25.0638,PontaGrossa-Residencial,Ponta Grossa,54.29,70.535,82.662,17.464,18.369,16.559,24.3335,25.384,23.283,26.2515,27.504,24.999,915.861
2024-07-06 21:00:00,187799.0,-50.161944,-25.095,-50.1587,-25.0638,PontaGrossa-Residencial,Ponta Grossa,59.07,69.089,80.02,11.751,12.439,11.063,16.4795,17.245,15.714,17.8775,18.809,16.946,914.273
2024-07-07 21:00:00,187799.0,-50.161944,-25.095,-50.1587,-25.0638,PontaGrossa-Residencial,Ponta Grossa,66.295,63.911,74.181,2.2135,2.462,1.965,2.963,3.265,2.661,3.3215,3.65,2.993,913.884
2024-07-08 21:00:00,187799.0,-50.161944,-25.095,-50.1587,-25.0638,PontaGrossa-Residencial,Ponta Grossa,66.367,61.767,75.137,2.2755,2.522,2.029,3.083,3.373,2.793,3.4295,3.75,3.109,913.389
2024-07-09 21:00:00,187799.0,-50.161944,-25.095,-50.1587,-25.0638,PontaGrossa-Residencial,Ponta Grossa,66.669,63.392,77.649,4.547,4.911,4.183,6.384,6.815,5.953,6.8905,7.371,6.41,911.877
2024-07-10 21:00:00,187799.0,-50.161944,-25.095,-50.1587,-25.0638,PontaGrossa-Residencial,Ponta Grossa,66.295,67.433,66.254,8.486,9.224,7.748,10.8895,11.715,10.064,11.472,12.356,10.588,914.045
2024-07-11 21:00:00,187799.0,-50.161944,-25.095,-50.1587,-25.0638,PontaGrossa-Residencial,Ponta Grossa,64.776,68.479,70.363,5.1445,5.672,4.617,6.6935,7.283,6.104,7.2515,7.875,6.628,920.214
2024-07-12 21:00:00,187799.0,-50.161944,-25.095,-50.1587,-25.0638,PontaGrossa-Residencial,Ponta Grossa,65.729,65.29,71.42,4.4955,4.973,4.018,6.519,6.97,6.068,8.5975,9.093,8.102,920.542
2024-07-13 21:00:00,187799.0,-50.161944,-25.095,-50.1587,-25.0638,PontaGrossa-Residencial,Ponta Grossa,65.107,66.508,77.274,10.8195,11.399,10.24,15.701,16.277,15.125,18.06,18.862,17.258,917.794
2024-07-14 21:00:00,187799.0,-50.161944,-25.095,-50.1587,-25.0638,PontaGrossa-Residencial,Ponta Grossa,66.558,66.297,66.496,6.4735,6.915,6.032,9.522,9.976,9.068,10.4855,11.067,9.904,919.807
2024-07-15 21:00:00,187799.0,-50.161944,-25.095,-50.1587,-25.0638,PontaGrossa-Residencial,Ponta Grossa,66.846,66.258,68.252,2.3395,2.649,2.03,3.078,3.417,2.739,3.373,3.733,3.013,921.059
2024-07-16 21:00:00,187799.0,-50.161944,-25.095,-50.1587,-25.0638,PontaGrossa-Residencial,Ponta Grossa,56.914,71.433,94.029,9.4095,10.214,8.605,12.345,13.215,11.475,13.7945,14.77,12.819,920.293
2024-07-17 21:00:00,187799.0,-50.161944,-25.095,-50.1587,-25.0638,PontaGrossa-Residencial,Ponta Grossa,47.49,78.658,97.79,15.233,16.117,14.349,20.6875,21.747,19.628,22.989,24.471,21.507,918.428
2024-07-18 21:00:00,187799.0,-50.161944,-25.095,-50.1587,-25.0638,PontaGrossa-Residencial,Ponta Grossa,51.071,76.372,72.707,8.872,9.487,8.257,11.575,12.257,10.893,12.644,13.38,11.908,920.317
2024-07-19 21:00:00,187799.0,-50.161944,-25.095,-50.1587,-25.0638,PontaGrossa-Residencial,Ponta Grossa,44.176,73.715,82.322,16.651,17.548,15.754,22.854,23.807,21.901,25.911,27.224,24.598,919.714
2024-07-20 21:00:00,187799.0,-50.161944,-25.095,-50.1587,-25.0638,PontaGrossa-Residencial,Ponta Grossa,49.289,71.472,72.944,11.1335,11.905,10.362,14.9685,15.836,14.101,16.264499999999998,17.203,15.326,918.323
2024-07-21 21:00:00,187799.0,-50.161944,-25.095,-50.1587,-25.0638,PontaGrossa-Residencial,Ponta Grossa,43.644,77.325,99.97,25.512500000000003,26.734,24.291,35.459,36.625,34.293,40.478,41.979,38.977,919.031
2024-07-22 21:00:00,187799.0,-50.161944,-25.095,-50.1587,-25.0638,PontaGrossa-Residencial,Ponta Grossa,45.569,74.462,79.896,19.1835,20.253,18.114,26.0895,27.253,24.926,28.891,30.299,27.483,919.979
2024-07-23 21:00:00,187799.0,-50.161944,-25.095,-50.1587,-25.0638,PontaGrossa-Residencial,Ponta Grossa,42.576,74.89,89.698,14.1435,15.067,13.22,18.171,19.204,17.138,19.1555,20.218,18.093,919.382
2024-07-24 21:00:00,187799.0,-50.161944,-25.095,-50.1587,-25.0638,PontaGrossa-Residencial,Ponta Grossa,42.37,75.436,91.117,18.217,19.162,17.272,25.17,26.279,24.061,27.941000000000003,29.311,26.571,917.278
2024-07-25 21:00:00,187799.0,-50.161944,-25.095,-50.1587,-25.0638,PontaGrossa-Residencial,Ponta Grossa,41.269,77.01,87.18,23.4415,24.522,22.361,33.2825,34.358,32.207,38.928,40.286,37.57,915.996
2024-07-26 21:00:00,187799.0,-50.161944,-25.095,-50.1587,-25.0638,PontaGrossa-Residencial,Ponta Grossa,40.236,79.456,82.068,20.8075,21.739,19.876,28.3535,29.498,27.209,31.645,33.134,30.156,916.413
2024-07-27 21:00:00,187799.0,-50.161944,-25.095,-50.1587,-25.0638,PontaGrossa-Residencial,Ponta Grossa,43.674,78.424,92.598,33.4155,34.904,31.927,46.43,47.929,44.931,52.571,54.363,50.779,916.446
2024-07-28 21:00:00,187799.0,-50.161944,-25.095,-50.1587,-25.0638,PontaGrossa-Residencial,Ponta Grossa,61.468,70.665,90.718,23.132,24.091,22.173,32.6915,33.788,31.595,37.7225,39.242,36.203,917.238
2024-07-29 21:00:00,187799.0,-50.161944,-25.095,-50.1587,-25.0638,PontaGrossa-Residencial,Ponta Grossa,61.313,64.749,67.197,5.6585,6.002,5.315,8.2405,8.621,7.86,9.4185,9.857,8.98,919.766
2024-07-30 21:00:00,187799.0,-50.161944,-25.095,-50.1587,-25.0638,PontaGrossa-Residencial,Ponta Grossa,57.605,68.654,68.293,2.8965,3.124,2.669,3.85,4.123,3.577,4.111,4.402,3.82,919.804
2024-07-31 21:00:00,187799.0,-50.161944,-25.095,-50.1587,-25.0638,PontaGrossa-Residencial,Ponta Grossa,56.722,74.634,77.131,12.277,12.769,11.785,16.9165,17.463,16.37,18.087,18.732,17.442,918.903
2024-08-01 21:00:00,187799.0,-50.161944,-25.095,-50.1587,-25.0638,PontaGrossa-Residencial,Ponta Grossa,55.275,73.857,71.439,15.538,16.258,14.818,21.767000000000003,22.492,21.042,23.058,23.926,22.19,917.32
2024-08-02 21:00:00,187799.0,-50.161944,-25.095,-50.1587,-25.0638,PontaGrossa-Residencial,Ponta Grossa,51.35,75.71,84.572,20.9495,21.641,20.258,31.4615,32.04,30.883,34.9345,35.923,33.946,915.628
2024-08-03 21:00:00,187799.0,-50.161944,-25.095,-50.1587,-25.0638,PontaGrossa-Residencial,Ponta Grossa,44.104,77.051,80.862,10.3805,11.013,9.748,14.7255,15.391,14.06,16.633,17.413,15.853,916.179
2024-08-04 21:00:00,187799.0,-50.161944,-25.095,-50.1587,-25.0638,PontaGrossa-Residencial,Ponta Grossa,47.389,76.401,86.012,15.9265,16.832,15.021,22.731,23.615,21.847,26.499,27.663,25.335,916.447
2024-08-05 21:00:00,187799.0,-50.161944,-25.095,-50.1587,-25.0638,PontaGrossa-Residencial,Ponta Grossa,44.599,79.564,70.722,14.0405,14.9,13.181,19.215,20.207,18.223,21.7315,22.935,20.528,914.811
2024-08-06 21:00:00,187799.0,-50.161944,-25.095,-50.1587,-25.0638,PontaGrossa-Residencial,Ponta Grossa,39.278,79.106,87.912,13.257,14.09,12.424,18.6035,19.522,17.685,21.0405,22.214,19.867,911.003
2024-08-07 21:00:00,187799.0,-50.161944,-25.095,-50.1587,-25.0638,PontaGrossa-Residencial,Ponta Grossa,51.98,74.788,86.694,24.9025,25.953,23.852,35.977500000000006,37.054,34.901,41.781,43.102,40.46,910.299
2024-08-08 21:00:00,187799.0,-50.161944,-25.095,-50.1587,-25.0638,PontaGrossa-Residencial,Ponta Grossa,53.169,66.679,82.281,16.3565,17.117,15.596,23.7825,24.559,23.006,26.0515,26.79,25.313,913.562
2024-08-09 21:00:00,187799.0,-50.161944,-25.095,-50.1587,-25.0638,PontaGrossa-Residencial,Ponta Grossa,42.487,63.813,84.051,6.019,6.623,5.415,7.913,8.5,7.326,8.602,9.196,8.008,915.215
2024-08-10 21:00:00,187799.0,-50.161944,-25.095,-50.1587,-25.0638,PontaGrossa-Residencial,Ponta Grossa,40.497,62.905,80.755,11.978,12.615,11.341,16.7815,17.432,16.131,18.6495,19.371,17.928,914.374
2024-08-11 21:00:00,187799.0,-50.161944,-25.095,-50.1587,-25.0638,PontaGrossa-Residencial,Ponta Grossa,33.407,64.562,81.348,7.507,7.972,7.042,10.967,11.482,10.452,12.109,12.66,11.558,915.112
2024-08-12 21:00:00,187799.0,-50.161944,-25.095,-50.1587,-25.0638,PontaGrossa-Residencial,Ponta Grossa,33.362,63.818,90.203,7.890499999999999,8.478,7.303,10.85,11.475,10.225,12.202,12.843,11.561,917.946
2024-08-13 21:00:00,187799.0,-50.161944,-25.095,-50.1587,-25.0638,PontaGrossa-Residencial,Ponta Grossa,43.968,66.298,82.985,11.2395,11.873,10.606,15.334,15.936,14.732,17.222,17.857,16.587,916.895
2024-08-14 21:00:00,187799.0,-50.161944,-25.095,-50.1587,-25.0638,PontaGrossa-Residencial,Ponta Grossa,37.986,74.636,82.042,13.5675,14.408,12.727,18.511000000000003,19.355,17.667,20.7825,21.768,19.797,915.739
2024-08-15 21:00:00,187799.0,-50.161944,-25.095,-50.1587,-25.0638,PontaGrossa-Residencial,Ponta Grossa,33.633,81.315,106.512,27.1255,27.742,26.509,38.768,39.204,38.332,45.402,46.216,44.588,915.589
2024-08-16 21:00:00,187799.0,-50.161944,-25.095,-50.1587,-25.0638,PontaGrossa-Residencial,Ponta Grossa,33.622,83.563,90.712,38.969,39.671,38.267,57.2535,57.393,57.114,68.3595,68.438,68.281,915.071
2024-08-17 21:00:00,187799.0,-50.161944,-25.095,-50.1587,-25.0638,PontaGrossa-Residencial,Ponta Grossa,30.935,86.096,86.198,49.9095,51.262,48.557,71.632,72.444,70.82,78.686,79.152,78.22,914.979
2024-08-18 21:00:00,187799.0,-50.161944,-25.095,-50.1587,-25.0638,PontaGrossa-Residencial,Ponta Grossa,30.813,86.357,103.552,48.002,48.806,47.198,72.14,72.39,71.89,79.811,80.33,79.292,914.581
2024-08-19 21:00:00,187799.0,-50.161944,-25.095,-50.1587,-25.0638,PontaGrossa-Residencial,Ponta Grossa,30.708,87.496,102.909,68.423,69.95,66.896,100.5965,101.34,99.853,111.804,112.917,110.691,915.126
2024-08-20 21:00:00,187799.0,-50.161944,-25.095,-50.1587,-25.0638,PontaGrossa-Residencial,Ponta Grossa,50.101,79.208,80.573,28.936,29.447,28.425,42.5565,42.917,42.196,50.8375,51.512,50.163,914.873
2024-08-21 21:00:00,187799.0,-50.161944,-25.095,-50.1587,-25.0638,PontaGrossa-Residencial,Ponta Grossa,45.146,79.411,81.019,27.002,27.815,26.189,39.064,39.82,38.308,46.608,47.712,45.504,911.333
2024-08-22 21:00:00,187799.0,-50.161944,-25.095,-50.1587,-25.0638,PontaGrossa-Residencial,Ponta Grossa,40.762,75.181,97.565,45.688,47.397,43.979,67.3985,68.741,66.056,77.3605,79.09,75.631,909.175
2024-08-23 21:00:00,187799.0,-50.161944,-25.095,-50.1587,-25.0638,PontaGrossa-Residencial,Ponta Grossa,67.852,65.577,83.046,18.17,18.997,17.343,27.589,28.233,26.945,31.5515,32.399,30.704,913.009
2024-08-24 21:00:00,187799.0,-50.161944,-25.095,-50.1587,-25.0638,PontaGrossa-Residencial,Ponta Grossa,45.258,63.526,76.683,5.5075,6.068,4.947,7.266,7.842,6.69,7.75,8.345,7.155,918.641
2024-08-25 21:00:00,187799.0,-50.161944,-25.095,-50.1587,-25.0638,PontaGrossa-Residencial,Ponta Grossa,34.605,64.353,84.002,8.5215,9.212,7.831,11.447,12.168,10.726,12.793,13.545,12.041,919.163
2024-08-26 21:00:00,187799.0,-50.161944,-25.095,-50.1587,-25.0638,PontaGrossa-Residencial,Ponta Grossa,37.004,67.513,72.38,4.821,5.27,4.372,6.6375,7.096,6.179,7.326,7.813,6.839,919.07
2024-08-27 21:00:00,187799.0,-50.161944,-25.095,-50.1587,-25.0638,PontaGrossa-Residencial,Ponta Grossa,48.086,66.716,73.213,5.2625,5.876,4.649,6.607,7.248,5.966,7.262,7.917,6.607,919.242
2024-08-28 21:00:00,187799.0,-50.161944,-25.095,-50.1587,-25.0638,PontaGrossa-Residencial,Ponta Grossa,49.192,75.839,82.241,15.805500000000002,16.635,14.976,21.1775,21.885,20.47,22.6125,23.489,21.736,919.556
2024-08-29 21:00:00,187799.0,-50.161944,-25.095,-50.1587,-25.0638,PontaGrossa-Residencial,Ponta Grossa,43.589,80.951,76.742,24.14,25.01,23.27,33.798,34.675,32.921,37.151,38.304,35.998,917.555
2024-08-30 21:00:00,187799.0,-50.161944,-25.095,-50.1587,-25.0638,PontaGrossa-Residencial,Ponta Grossa,40.167,81.915,81.425,27.4565,28.102,26.811,40.081,40.599,39.563,47.4905,48.375,46.606,915.827
2024-08-31 21:00:00,187799.0,-50.161944,-25.095,-50.1587,-25.0638,PontaGrossa-Residencial,Ponta Grossa,41.225,79.424,76.164,24.469,25.322,23.616,35.379000000000005,36.191,34.567,41.387,42.513,40.261,913.857
2024-09-01 21:00:00,187799.0,-50.161944,-25.095,-50.1587,-25.0638,PontaGrossa-Residencial,Ponta Grossa,35.823,80.918,97.864,33.7265,34.383,33.07,52.0315,52.366,51.697,62.6585,63.206,62.111,911.961
2024-09-02 21:00:00,187799.0,-50.161944,-25.095,-50.1587,-25.0638,PontaGrossa-Residencial,Ponta Grossa,35.21,84.288,87.671,38.1895,38.848,37.531,61.074,61.126,61.022,69.48599999999999,69.963,69.009,912.037
2024-09-03 21:00:00,187799.0,-50.161944,-25.095,-50.1587,-25.0638,PontaGrossa-Residencial,Ponta Grossa,31.136,84.908,79.061,33.315,33.86,32.77,49.8535,50.024,49.683,60.4085,60.794,60.023,912.144
2024-09-04 21:00:00,187799.0,-50.161944,-25.095,-50.1587,-25.0638,PontaGrossa-Residencial,Ponta Grossa,46.77,78.324,105.726,37.4545,38.356,36.553,57.8835,58.45,57.317,66.96549999999999,67.848,66.083,913.303
2024-09-05 21:00:00,187799.0,-50.161944,-25.095,-50.1587,-25.0638,PontaGrossa-Residencial,Ponta Grossa,56.751,70.151,68.617,12.9245,13.388,12.461,19.7525,20.223,19.282,21.3825,22.006,20.759,914.457
2024-09-06 21:00:00,187799.0,-50.161944,-25.095,-50.1587,-25.0638,PontaGrossa-Residencial,Ponta Grossa,48.479,79.667,83.726,26.5185,26.955,26.082,41.5075,41.465,41.55,46.227,46.291,46.163,914.063
2024-09-07 21:00:00,187799.0,-50.161944,-25.095,-50.1587,-25.0638,PontaGrossa-Residencial,Ponta Grossa,33.039,87.86,81.062,37.8635,38.718,37.009,56.958,57.279,56.637,67.6505,67.909,67.392,915.789
2024-09-08 21:00:00,187799.0,-50.161944,-25.095,-50.1587,-25.0638,PontaGrossa-Residencial,Ponta Grossa,36.188,89.909,103.884,51.5865,52.368,50.805,80.894,80.66,81.128,86.3005,86.594,86.007,914.95
2024-09-09 21:00:00,187799.0,-50.161944,-25.095,-50.1587,-25.0638,PontaGrossa-Residencial,Ponta Grossa,34.425,87.811,101.781,54.0115,54.551,53.472,92.1745,91.23,93.119,99.7325,99.702,99.763,912.495
2024-09-10 21:00:00,187799.0,-50.161944,-25.095,-50.1587,-25.0638,PontaGrossa-Residencial,Ponta Grossa,29.146,86.292,78.313,41.257000000000005,41.853,40.661,69.3295,69.108,69.551,78.708,79.165,78.251,911.508
2024-09-11 21:00:00,187799.0,-50.161944,-25.095,-50.1587,-25.0638,PontaGrossa-Residencial,Ponta Grossa,25.381,86.406,74.976,31.4135,32.221,30.606,47.2145,47.775,46.654,55.9725,56.854,55.091,911.597
2024-09-12 21:00:00,187799.0,-50.161944,-25.095,-50.1587,-25.0638,PontaGrossa-Residencial,Ponta Grossa,31.654,85.026,88.121,30.371,31.248,29.494,43.4785,44.074,42.883,52.4955,53.32,51.671,910.805
2024-09-13 21:00:00,187799.0,-50.161944,-25.095,-50.1587,-25.0638,PontaGrossa-Residencial,Ponta Grossa,46.975,79.914,106.866,33.1155,33.789,32.442,51.734,52.081,51.387,60.07899999999999,60.788,59.37,912.508
2024-09-14 21:00:00,187799.0,-50.161944,-25.095,-50.1587,-25.0638,PontaGrossa-Residencial,Ponta Grossa,66.315,67.429,79.405,13.699,14.144,13.254,20.6025,20.982,20.223,24.035,24.568,23.502,915.579
2024-09-15 21:00:00,187799.0,-50.161944,-25.095,-50.1587,-25.0638,PontaGrossa-Residencial,Ponta Grossa,61.797,67.157,82.205,5.184,5.692,4.676,6.3355,6.893,5.778,6.6865000000000006,7.268,6.105,916.948
2024-09-16 21:00:00,187799.0,-50.161944,-25.095,-50.1587,-25.0638,PontaGrossa-Residencial,Ponta Grossa,54.749,68.163,72.031,2.002,2.242,1.762,2.823,3.096,2.55,3.301,3.583,3.019,917.843
2024-09-17 21:00:00,187799.0,-50.161944,-25.095,-50.1587,-25.0638,PontaGrossa-Residencial,Ponta Grossa,54.602,71.245,77.294,2.4370000000000003,2.615,2.259,3.6035,3.814,3.393,4.0275,4.28,3.775,915.514
2024-09-18 21:00:00,187799.0,-50.161944,-25.095,-50.1587,-25.0638,PontaGrossa-Residencial,Ponta Grossa,58.059,73.814,77.852,6.445,6.732,6.158,8.8545,9.179,8.53,9.445,9.809,9.081,913.249
2024-09-19 21:00:00,187799.0,-50.161944,-25.095,-50.1587,-25.0638,PontaGrossa-Residencial,Ponta Grossa,61.968,72.84,89.85,14.762,15.212,14.312,22.009500000000003,22.384,21.635,24.8195,25.371,24.268,911.47
2024-09-20 21:00:00,187799.0,-50.161944,-25.095,-50.1587,-25.0638,PontaGrossa-Residencial,Ponta Grossa,53.294,79.442,102.403,12.668,13.273,12.063,19.0875,19.626,18.549,20.2775,20.954,19.601,911.66
2024-09-21 21:00:00,187799.0,-50.161944,-25.095,-50.1587,-25.0638,PontaGrossa-Residencial,Ponta Grossa,52.844,83.471,90.527,23.758000000000003,24.515,23.001,34.900000000000006,35.06,34.74,39.2275,39.396,39.059,911.092
2024-09-22 21:00:00,187799.0,-50.161944,-25.095,-50.1587,-25.0638,PontaGrossa-Residencial,Ponta Grossa,44.017,91.629,81.9,32.797,33.395,32.199,49.4975,49.312,49.683,57.4195,57.216,57.623,911.535
2024-09-23 21:00:00,187799.0,-50.161944,-25.095,-50.1587,-25.0638,PontaGrossa-Residencial,Ponta Grossa,39.361,88.95,87.932,29.311,29.479,29.143,45.9375,45.517,46.358,56.5865,56.399,56.774,911.639
2024-09-24 21:00:00,187799.0,-50.161944,-25.095,-50.1587,-25.0638,PontaGrossa-Residencial,Ponta Grossa,36.975,89.604,86.922,26.546,26.878,26.214,41.253,41.272,41.234,50.0685,50.464,49.673,910.019
2024-09-25 21:00:00,187799.0,-50.161944,-25.095,-50.1587,-25.0638,PontaGrossa-Residencial,Ponta Grossa,39.337,86.942,84.743,27.3065,27.632,26.981,41.099,41.018,41.18,49.9245,50.207,49.642,908.718
2024-09-26 21:00:00,187799.0,-50.161944,-25.095,-50.1587,-25.0638,PontaGrossa-Residencial,Ponta Grossa,45.863,84.657,114.719,18.7355,19.232,18.239,29.445500000000003,29.753,29.138,35.0655,35.569,34.562,911.122
2024-09-27 21:00:00,187799.0,-50.161944,-25.095,-50.1587,-25.0638,PontaGrossa-Residencial,Ponta Grossa,46.768,78.627,77.93,5.7395,6.128,5.351,7.827,8.244,7.41,8.772,9.242,8.302,914.236
2024-09-28 21:00:00,187799.0,-50.161944,-25.095,-50.1587,-25.0638,PontaGrossa-Residencial,Ponta Grossa,45.629,80.226,88.647,7.945,8.346,7.544,11.0745,11.421,10.728,12.5795,12.989,12.17,914.699
