time_stamp,index_no,City_long,City_lat,long,lat,name,city,humidity,temperature,voc,pm1.0_atm,pm1.0_atm_a,pm1.0_atm_b,pm2.5_atm,pm2.5_atm_a,pm2.5_atm_b,pm10.0_atm,pm10.0_atm_a,pm10.0_atm_b,pressure,1.0_um_count,1.0_um_count_a,1.0_um_count_b,2.5_um_count,2.5_um_count_a,2.5_um_count_b,10.0_um_count,10.0_um_count_a,10.0_um_count_b
2024-05-06,187795.0,-52.465278,-23.07305600000001,-52.41089999999998,-23.0616,Paranavai-Centro,Paranavai,35.8490990990991,93.06531531531532,131.93015765765765,4.545484234234234,4.418873873873874,4.672094594594594,5.966238738738739,5.871283783783785,6.061193693693694,7.258828828828829,7.5252477477477475,6.99240990990991,,,,,,,,,,
2024-05-07,187795.0,-52.46527800000001,-23.073056,-52.41089999999998,-23.0616,Paranavai-Centro,Paranavai,39.05731225296443,92.7094861660079,131.87037549407114,4.67893280632411,4.624466403162056,4.7333992094861665,6.866778656126482,6.8149011857707515,6.9186561264822135,9.347747035573123,9.826956521739131,8.868537549407113,,,,,,,,,,
2024-05-08,187795.0,-52.465278000000005,-23.073056000000005,-52.41089999999998,-23.0616,Paranavai-Centro,Paranavai,39.21653543307087,93.39566929133858,114.67934911242605,2.8962598425196853,2.8036023622047246,2.9889173228346455,4.2328937007874,4.173976377952755,4.291811023622047,5.887864173228346,6.269311023622048,5.506417322834646,,,,,,,,,,
2024-05-09,187795.0,-52.465278000000005,-23.073056,-52.41089999999998,-23.061600000000002,Paranavai-Centro,Paranavai,38.06483300589391,94.85461689587426,109.49664047151276,3.898398821218075,3.7723968565815325,4.024400785854617,5.289469548133596,5.196581532416504,5.382357563850688,6.927426326129666,7.255599214145384,6.599253438113948,,,,,,,,,,
2024-05-10,187795.0,-52.465278000000005,-23.073056000000005,-52.41089999999998,-23.0616,Paranavai-Centro,Paranavai,41.154901960784315,90.69411764705882,120.04686274509804,7.666343137254903,7.446215686274509,7.886470588235294,9.943058823529412,9.775431372549019,10.110686274509803,12.162882352941178,12.55435294117647,11.771411764705883,,,,,,,,,,
2024-05-11,,,,,,,,,,,,,,,,,,,,,,,,,,,,,
2024-05-12,,,,,,,,,,,,,,,,,,,,,,,,,,,,,
2024-05-13,,,,,,,,,,,,,,,,,,,,,,,,,,,,,
2024-05-14,187795.0,-52.465278000000005,-23.073056000000005,-52.41089999999998,-23.0616,Paranavai-Centro,Paranavai,65.49350649350649,71.66883116883118,186.7032026143791,7.755487012987013,7.813896103896103,7.697077922077922,10.047564935064935,10.160324675324675,9.934805194805195,11.226883116883116,11.709935064935065,10.74383116883117,,,,,,,,,,
2024-05-15,187795.0,-52.465278000000005,-23.073056,-52.41089999999998,-23.061600000000002,Paranavai-Centro,Paranavai,53.416502946954814,79.5147347740668,164.02958742632612,7.803791748526523,7.708231827111985,7.899351669941061,9.845049115913554,9.784243614931238,9.905854616895875,11.050520628683694,11.316699410609036,10.784341846758348,,,,,,,,,,
2024-05-16,187795.0,-52.465278000000005,-23.073056,-52.41089999999998,-23.061600000000002,Paranavai-Centro,Paranavai,47.62475442043222,86.3516699410609,134.16978388998038,8.681620825147347,8.593084479371317,8.77015717092338,10.941611001964638,10.926110019646364,10.957111984282907,12.48984282907662,12.94139489194499,12.03829076620825,,,,,,,,,,
2024-05-17,187795.0,-52.46527800000001,-23.073056000000005,-52.41089999999998,-23.061600000000002,Paranavai-Centro,Paranavai,41.37623762376238,91.6,158.56261386138615,8.145534653465349,7.994039603960395,8.297029702970297,10.420653465346533,10.322673267326733,10.518633663366336,11.944564356435645,12.312772277227722,11.576356435643564,,,,,,,,,,
2024-05-18,,,,,,,,,,,,,,,,,,,,,,,,,,,,,
2024-05-19,,,,,,,,,,,,,,,,,,,,,,,,,,,,,
2024-05-20,,,,,,,,,,,,,,,,,,,,,,,,,,,,,
2024-05-21,,,,,,,,,,,,,,,,,,,,,,,,,,,,,
2024-05-22,,,,,,,,,,,,,,,,,,,,,,,,,,,,,
2024-05-23,,,,,,,,,,,,,,,,,,,,,,,,,,,,,
2024-05-24,,,,,,,,,,,,,,,,,,,,,,,,,,,,,
2024-05-25,,,,,,,,,,,,,,,,,,,,,,,,,,,,,
2024-05-26,,,,,,,,,,,,,,,,,,,,,,,,,,,,,
2024-05-27,187795.0,-52.465278000000005,-23.073056,-52.41089999999998,-23.061599999999995,Paranavai-Centro,Paranavai,76.87975951903807,63.192384769539075,178.92078156312627,1.7869138276553107,1.8225050100200402,1.751322645290581,2.205551102204409,2.259438877755511,2.1516633266533063,2.4106412825651304,2.524288577154308,2.296993987975952,,,,,,,,,,
2024-05-28,187795.0,-52.46527800000001,-23.073056000000005,-52.41089999999998,-23.061599999999995,Paranavai-Centro,Paranavai,56.60437375745527,60.40357852882704,130.87224652087474,5.002763419483101,4.94300198807157,5.062524850894633,6.832067594433399,6.791530815109343,6.872604373757455,7.731113320079522,7.968071570576541,7.494155069582505,,,,,,,,,,
2024-05-29,187795.0,-52.46527800000001,-23.073056000000005,-52.41089999999998,-23.061599999999995,Paranavai-Centro,Paranavai,49.40755467196819,67.42942345924453,138.57613545816733,9.527574552683898,9.404075546719682,9.651073558648111,13.262415506958252,13.138330019880716,13.386500994035785,15.109542743538768,15.517952286282307,14.701133200795228,,,,,,,,,,
2024-05-30,187795.0,-52.465278000000005,-23.073056,-52.41089999999998,-23.061600000000002,Paranavai-Centro,Paranavai,45.49115913555992,73.05304518664047,114.81328094302553,3.3103929273084485,3.215422396856581,3.405363457760314,4.358732809430255,4.2589783889980355,4.458487229862476,4.967730844793713,5.048271119842829,4.887190569744598,,,,,,,,,,
2024-05-31,187795.0,-52.465278000000005,-23.073056000000005,-52.41089999999998,-23.0616,Paranavai-Centro,Paranavai,44.398039215686275,72.38235294117646,90.34296078431372,1.9070196078431374,1.8479411764705882,1.9660980392156862,2.9464215686274504,2.9018039215686278,2.9910392156862744,3.977764705882353,4.165921568627451,3.7896078431372544,,,,,,,,,,
2024-06-01,,,,,,,,,,,,,,,,,,,,,,,,,,,,,
2024-06-02,,,,,,,,,,,,,,,,,,,,,,,,,,,,,
2024-06-03,187795.0,-52.46527800000001,-23.073056000000005,-52.41089999999998,-23.061600000000002,Paranavai-Centro,Paranavai,38.56831683168317,86.4059405940594,157.32641584158418,6.872574257425742,6.738297029702971,7.006851485148515,9.013910891089107,8.932534653465346,9.095287128712869,10.60729702970297,10.941643564356436,10.272950495049505,,,,,,,,,,
2024-06-04,187795.0,-52.46527800000001,-23.073056,-52.41089999999998,-23.0616,Paranavai-Centro,Paranavai,45.616600790513836,83.2411067193676,113.8436956521739,9.243695652173912,9.065612648221345,9.421778656126483,11.836709486166008,11.732470355731225,11.94094861660079,13.351709486166008,13.645948616600789,13.057470355731224,,,,,,,,,,
2024-06-05,187795.0,-52.465278000000005,-23.073056000000005,-52.41089999999998,-23.0616,Paranavai-Centro,Paranavai,46.60629921259842,80.92125984251969,154.3996062992126,5.58257874015748,5.453877952755906,5.711279527559055,7.1124409448818895,7.0156692913385825,7.2092125984251965,7.996555118110236,8.159271653543307,7.833838582677165,,,,,,,,,,
2024-06-06,187795.0,-52.465278000000005,-23.073056000000005,-52.41089999999998,-23.0616,Paranavai-Centro,Paranavai,41.52165354330709,85.31496062992126,130.09535433070866,7.990915354330708,7.817893700787401,8.163937007874015,10.13333661417323,10.013169291338581,10.253503937007876,11.449694881889766,11.699921259842519,11.199468503937007,,,,,,,,,,
2024-06-07,187795.0,-52.465278000000005,-23.073056000000005,-52.41089999999998,-23.0616,Paranavai-Centro,Paranavai,37.724409448818896,85.85236220472441,118.82232283464568,9.744498031496063,9.496181102362206,9.99281496062992,12.36035433070866,12.1673031496063,12.553405511811022,13.890501968503937,14.128720472440945,13.652283464566928,,,,,,,,,,
2024-06-08,,,,,,,,,,,,,,,,,,,,,,,,,,,,,
2024-06-09,,,,,,,,,,,,,,,,,,,,,,,,,,,,,
2024-06-10,187795.0,-52.465278000000005,-23.073056000000005,-52.41089999999998,-23.0616,Paranavai-Centro,Paranavai,39.60392156862745,88.43725490196078,262.44323529411764,5.838117647058825,5.566098039215686,5.838117647058825,7.40043137254902,7.195333333333333,7.40043137254902,8.337117647058824,8.776568627450981,8.337117647058824,,,,,,,,,,
2024-06-11,187795.0,-52.465278000000005,-23.073056000000005,-52.41089999999998,-23.0616,Paranavai-Centro,Paranavai,38.1921568627451,87.11960784313726,118.44582352941177,7.538882352941176,7.06443137254902,7.538882352941176,9.431686274509806,9.0441568627451,9.431686274509806,10.371372549019608,10.681764705882353,10.371372549019608,,,,,,,,,,
2024-06-12,187795.0,-52.465278000000005,-23.073056000000005,-52.41089999999997,-23.061599999999995,Paranavai-Centro,Paranavai,36.548323471400394,86.68047337278107,185.2738264299803,9.382741617357002,9.008165680473372,9.382741617357002,11.913333333333332,11.66360946745562,11.913333333333332,13.118777120315583,13.82378698224852,13.118777120315583,,,,,,,,,,
2024-06-13,187795.0,-52.46527800000001,-23.073056000000005,-52.41089999999998,-23.061599999999995,Paranavai-Centro,Paranavai,35.111332007952285,84.64811133200796,171.9675745526839,8.830954274353877,8.874234592445328,8.830954274353877,11.528111332007953,11.685228628230616,11.528111332007953,13.084075546719681,14.434850894632207,13.084075546719681,,,,,,,,,,
2024-06-14,187795.0,-52.465278000000005,-23.073056,-52.41089999999998,-23.061600000000002,Paranavai-Centro,Paranavai,37.520628683693516,85.44597249508841,173.98599214145383,3.475108055009823,6.270609037328095,3.475108055009823,4.736660117878192,7.564852652259331,4.736660117878192,5.814066797642436,9.459292730844792,5.814066797642436,,,,,,,,,,
2024-06-15,,,,,,,,,,,,,,,,,,,,,,,,,,,,,
2024-06-16,,,,,,,,,,,,,,,,,,,,,,,,,,,,,
2024-06-17,187795.0,-52.465278000000005,-23.073056,-52.41089999999998,-23.061600000000002,Paranavai-Centro,Paranavai,36.52259332023576,87.44400785854617,135.8890176817289,3.903713163064833,1055.641591355599,3.903713163064833,5.2321021611001965,1056.3841060903733,5.2321021611001965,6.365756385068763,1058.2233398821218,6.365756385068763,,,,,,,,,,
2024-06-18,187795.0,-52.465278000000005,-23.073056,-52.41089999999998,-23.0616,Paranavai-Centro,Paranavai,34.18326693227092,85.75697211155378,110.25282868525896,3.618864541832669,1261.0122908366532,3.618864541832669,4.981673306772909,1261.6108366533867,4.981673306772909,6.124482071713147,1263.5099800796813,6.124482071713147,,,,,,,,,,
2024-06-19,187795.0,-52.465278,-23.073056000000005,-52.41089999999997,-23.0616,Paranavai-Centro,Paranavai,33.47435897435897,87.23076923076923,128.0549357326478,4.89025641025641,1737.7274615384617,4.89025641025641,6.57923076923077,1738.5309487179488,6.57923076923077,7.995205128205129,1739.8159743589747,7.995205128205129,,,,,,,,,,
2024-06-20,187795.0,-52.465278000000005,-23.073056000000005,-52.41089999999998,-23.0616,Paranavai-Centro,Paranavai,29.38327526132404,89.62020905923345,103.01821678321679,4.723832752613241,1503.2467595818816,4.723832752613241,6.232264808362369,1504.0191289198606,6.232264808362369,7.505435540069686,1505.684006968641,7.505435540069686,,,,,,,,,,
2024-06-21,187795.0,-52.46527800000001,-23.073056,-52.41089999999998,-23.0616,Paranavai-Centro,Paranavai,32.8794466403162,85.07114624505928,161.2918577075099,8.234347826086957,3331.979861660079,8.234347826086957,10.936225296442688,3331.979861660079,10.936225296442688,12.636284584980237,3331.979861660079,12.636284584980237,,,,,,,,,,
2024-06-22,,,,,,,,,,,,,,,,,,,,,,,,,,,,,
2024-06-23,,,,,,,,,,,,,,,,,,,,,,,,,,,,,
2024-06-24,187795.0,-52.465278000000005,-23.073056,-52.41089999999998,-23.061600000000002,Paranavai-Centro,Paranavai,38.8762278978389,89.62671905697447,177.51760314341846,6.032730844793713,3332.056011787819,6.032730844793713,7.658212180746562,3332.056011787819,7.658212180746562,8.963202357563851,3332.056011787819,8.963202357563851,,,,,,,,,,
2024-06-25,187795.0,-52.465278000000005,-23.073056000000005,-52.41089999999998,-23.0616,Paranavai-Centro,Paranavai,45.37204724409449,90.30118110236221,167.41412228796847,29.72492125984252,3331.241948818898,29.72492125984252,40.389803149606294,3331.243523622047,40.389803149606294,48.83346456692914,3331.244527559055,48.83346456692914,,,,,,,,,,
2024-06-26,187795.0,-52.465278000000005,-23.073056,-52.41089999999998,-23.061600000000002,Paranavai-Centro,Paranavai,58.6581532416503,77.3811394891945,124.85703339882122,15.562475442043223,3332.1948133595283,15.562475442043223,20.489587426326132,3332.1948133595283,20.489587426326132,22.547053045186637,3332.1948133595283,22.547053045186637,,,,,,,,,,
2024-06-27,187795.0,-52.465278000000005,-23.073056000000005,-52.41089999999998,-23.0616,Paranavai-Centro,Paranavai,54.72352941176471,74.9,131.41680392156863,10.342431372549019,3332.29131372549,10.342431372549019,13.238647058823528,3332.29131372549,13.238647058823528,14.055098039215686,3332.29131372549,14.055098039215686,,,,,,,,,,
2024-06-28,187795.0,-52.465278000000005,-23.073056,-52.41089999999998,-23.061600000000002,Paranavai-Centro,Paranavai,43.980353634577604,83.09233791748527,180.52813359528488,16.569901768172887,3331.805540275049,16.569901768172887,21.923064833005895,3331.805540275049,21.923064833005895,24.531218074656188,3331.805540275049,24.531218074656188,,,,,,,,,,
2024-06-29,,,,,,,,,,,,,,,,,,,,,,,,,,,,,
2024-06-30,,,,,,,,,,,,,,,,,,,,,,,,,,,,,
2024-07-01,,,,,,,,,,,,,,,,,,,,,,,,,,,,,
2024-07-02,,,,,,,,,,,,,,,,,,,,,,,,,,,,,
2024-07-03,,,,,,,,,,,,,,,,,,,,,,,,,,,,,
2024-07-04,,,,,,,,,,,,,,,,,,,,,,,,,,,,,
2024-07-05,187795.0,-52.465278000000005,-23.073056000000005,-52.41089999999998,-23.0616,Paranavai-Centro,Paranavai,24.14920634920635,90.6920634920635,188.2467412140575,8.394,3332.259206349206,8.394,10.734349206349206,3332.259206349206,10.734349206349206,12.331936507936508,3332.259206349206,12.331936507936508,963.4464126984127,,,,,,,,,
2024-07-06,,,,,,,,,,,,,,,,,,,,,,,,,,,,,
2024-07-07,,,,,,,,,,,,,,,,,,,,,,,,,,,,,
2024-07-08,187795.0,-52.46527799999998,-23.07305599999999,-52.41090000000001,-23.0616,Paranavai-Centro,Paranavai,71.25641025641026,64.8974358974359,335.4081578947369,2.84948717948718,3422.6697435897436,2.84948717948718,3.5064102564102573,3422.6697435897436,3.5064102564102573,3.6851282051282053,3422.6697435897436,3.6851282051282053,964.3089743589746,,,,,,,,,
2024-07-09,187795.0,-52.465278000000005,-23.073056000000005,-52.41089999999998,-23.061600000000002,Paranavai-Centro,Paranavai,73.88988764044944,63.997752808988764,283.21322072072076,4.410988764044944,3449.2493033707865,4.410988764044944,5.4773258426966285,3449.2493033707865,5.4773258426966285,5.6868539325842695,3449.2493033707865,5.6868539325842695,964.4669438202246,,,,,,,,,
2024-07-10,187795.0,-52.46527800000001,-23.073056000000005,-52.41089999999998,-23.061599999999995,Paranavai-Centro,Paranavai,68.64811133200796,61.60039761431412,202.15091451292244,7.206540755467198,3460.1063021868786,7.206540755467198,9.433558648111331,3460.1063021868786,9.433558648111331,9.832624254473162,3460.1063021868786,9.832624254473162,964.9340954274353,,,,,,,,,
2024-07-11,187795.0,-52.465278000000005,-23.073056000000005,-52.41089999999998,-23.061600000000002,Paranavai-Centro,Paranavai,67.71629778672032,68.05432595573441,133.09605633802815,11.135975855130784,3344.7124949698186,11.135975855130784,14.835211267605635,3344.7124949698186,14.835211267605635,15.745513078470825,3344.7124949698186,15.745513078470825,966.2704426559355,,,,,,,,,
2024-07-12,187795.0,-52.465278000000005,-23.073056000000005,-52.41089999999998,-23.0616,Paranavai-Centro,Paranavai,67.552,65.606,142.58,5.272780000000001,3386.86202,5.272780000000001,6.590700000000001,3386.86202,6.590700000000001,6.974959999999999,3386.86202,6.974959999999999,972.1920200000001,,,,,,,,,
2024-07-13,,,,,,,,,,,,,,,,,,,,,,,,,,,,,
2024-07-14,,,,,,,,,,,,,,,,,,,,,,,,,,,,,
2024-07-15,187795.0,-52.465278000000005,-23.073056000000005,-52.41089999999998,-23.061600000000002,Paranavai-Centro,Paranavai,55.825557809330626,72.12981744421907,172.4640770791075,9.88002028397566,3356.4166937119676,9.88002028397566,12.480709939148072,3356.4166937119676,12.480709939148072,13.230141987829615,3356.4166937119676,13.230141987829615,970.639290060852,,,,,,,,,
2024-07-16,187795.0,-52.465278000000005,-23.073056000000005,-52.410899999999984,-23.0616,Paranavai-Centro,Paranavai,50.389830508474574,79.32881355932203,130.62874576271187,6.738677966101695,3331.729423728814,6.738677966101695,8.44549152542373,3331.729423728814,8.44549152542373,9.047050847457628,3331.729423728814,9.047050847457628,970.0531186440677,,,,,,,,,
2024-07-17,187795.0,-52.46527800000001,-23.073056000000005,-52.41089999999998,-23.061599999999995,Paranavai-Centro,Paranavai,43.25646123260437,83.0854870775348,254.64662027833003,11.890059642147119,3331.965825049702,11.890059642147119,15.454612326043737,3331.965825049702,15.454612326043737,17.782067594433396,3331.965825049702,17.782067594433396,969.8878131212724,,,,,,,,,
2024-07-18,187795.0,-52.465278000000005,-23.073056000000005,-52.41089999999998,-23.061600000000002,Paranavai-Centro,Paranavai,37.18913480885312,84.35613682092556,141.93897177419356,10.39261569416499,3332.0317706237424,10.39261569416499,13.431267605633803,3332.0317706237424,13.431267605633803,14.941529175050299,3332.0317706237424,14.941529175050299,967.9577062374245,,,,,,,,,
2024-07-19,187795.0,-52.465278000000005,-23.073056000000005,-52.41089999999998,-23.0616,Paranavai-Centro,Paranavai,34.894,84.066,178.00173999999998,10.079199999999998,3332.13822,10.079199999999998,12.71004,3332.13822,12.71004,14.173279999999998,3332.13822,14.173279999999998,970.1463,,,,,,,,,
2024-07-20,,,,,,,,,,,,,,,,,,,,,,,,,,,,,
2024-07-21,,,,,,,,,,,,,,,,,,,,,,,,,,,,,
2024-07-22,187795.0,-52.465278,-23.073056000000005,-52.410899999999984,-23.0616,Paranavai-Centro,Paranavai,34.13975155279503,85.1024844720497,219.38801242236025,15.11549689440994,3330.5588198757764,15.11549689440994,19.50409937888199,3330.5588198757764,19.50409937888199,21.59357142857143,3330.5588198757764,21.59357142857143,969.123602484472,,,,,,,,,
2024-07-23,187795.0,-52.465278,-23.073056,-52.41089999999999,-23.0616,Paranavai-Centro,Paranavai,42.025,77.5,177.97358974358974,13.785499999999999,3331.62975,13.785499999999999,17.41975,3331.62975,17.41975,18.814749999999997,3331.62975,18.814749999999997,970.708,,,,,,,,,
2024-07-24,,,,,,,,,,,,,,,,,,,,,,,,,,,,,
2024-07-25,,,,,,,,,,,,,,,,,,,,,,,,,,,,,
2024-07-26,,,,,,,,,,,,,,,,,,,,,,,,,,,,,
2024-07-27,,,,,,,,,,,,,,,,,,,,,,,,,,,,,
2024-07-28,,,,,,,,,,,,,,,,,,,,,,,,,,,,,
2024-07-29,,,,,,,,,,,,,,,,,,,,,,,,,,,,,
2024-07-30,187795.0,-52.46527800000001,-23.073056,-52.41089999999997,-23.0616,Paranavai-Centro,Paranavai,47.48571428571429,78.44285714285714,325.39544117647057,9.704285714285716,3332.8518571428567,9.704285714285716,12.267285714285714,3332.8518571428567,12.267285714285714,12.699714285714286,3332.8518571428567,12.699714285714286,968.2018571428572,,,,,,,,,
2024-07-31,187795.0,-52.465277999999984,-23.073056000000015,-52.41089999999997,-23.0616,Paranavai-Centro,Paranavai,44.990196078431374,80.58823529411765,263.1788,12.163333333333332,3332.838431372549,12.163333333333332,15.693627450980394,3332.838431372549,15.693627450980394,16.85754901960784,3332.838431372549,16.85754901960784,966.6699019607846,,,,,,,,,
2024-08-01,187795.0,-52.465278000000005,-23.07305600000001,-52.41089999999998,-23.061599999999995,Paranavai-Centro,Paranavai,43.14663951120163,83.99389002036659,188.49729124236254,16.73164969450102,3332.1741955193484,16.73164969450102,21.306904276985744,3332.1741955193484,21.306904276985744,23.355152749490838,3332.1741955193484,23.355152749490838,966.1251527494909,,,,,,,,,
2024-08-02,187795.0,-52.465278000000005,-23.073056,-52.41089999999998,-23.0616,Paranavai-Centro,Paranavai,32.14143426294821,85.17529880478088,167.8290438247012,12.397689243027889,3332.175059760956,12.397689243027889,16.111533864541833,3332.175059760956,16.111533864541833,17.706633466135457,3332.175059760956,17.706633466135457,964.243625498008,,,,,,,,,
2024-08-03,,,,,,,,,,,,,,,,,,,,,,,,,,,,,
2024-08-04,,,,,,,,,,,,,,,,,,,,,,,,,,,,,
2024-08-05,187795.0,-52.465278000000005,-23.073056000000005,-52.41089999999998,-23.0616,Paranavai-Centro,Paranavai,32.583673469387755,88.06530612244897,211.08229979466117,6.874530612244898,3331.999591836735,6.874530612244898,9.175714285714287,3331.999591836735,9.175714285714287,10.457469387755102,3331.999591836735,10.457469387755102,964.9487959183674,,,,,,,,,
2024-08-06,187795.0,-52.46527800000001,-23.073056000000005,-52.41089999999998,-23.0616,Paranavai-Centro,Paranavai,28.242914979757085,88.66396761133603,139.95097165991902,3.061113360323887,3332.015870445344,3.061113360323887,4.2680364372469635,3332.015870445344,4.2680364372469635,5.4045141700404855,3332.015870445344,5.4045141700404855,962.7011336032389,,,,,,,,,
2024-08-07,187795.0,-52.465278,-23.07305600000001,-52.41089999999998,-23.061599999999995,Paranavai-Centro,Paranavai,29.1356993736952,88.88517745302714,152.19139874739042,15.203549060542798,3332.143486430063,15.203549060542798,21.727557411273487,3332.143486430063,21.727557411273487,26.48133611691023,3332.143486430063,26.48133611691023,959.6230897703549,,,,,,,,,
2024-08-08,187795.0,-52.465278000000005,-23.073056000000005,-52.41089999999998,-23.0616,Paranavai-Centro,Paranavai,67.97933884297521,72.60123966942149,159.54459627329192,48.711673553719,3331.9296900826444,48.711673553719,68.72464876033058,3331.9296900826444,68.72464876033058,74.40497933884296,3331.9296900826444,74.40497933884296,962.675785123967,,,,,,,,,
2024-08-09,187795.0,-52.46527799999999,-23.073056000000005,-52.410899999999984,-23.0616,Paranavai-Centro,Paranavai,66.80696202531645,58.49050632911393,104.72063694267516,3.9779430379746836,3543.96582278481,3.9779430379746836,5.127088607594937,3543.96582278481,5.127088607594937,5.544936708860759,3543.96582278481,5.544936708860759,967.5997151898732,,,,,,,,,
2024-08-10,,,,,,,,,,,,,,,,,,,,,,,,,,,,,
2024-08-11,,,,,,,,,,,,,,,,,,,,,,,,,,,,,
2024-08-12,,,,,,,,,,,,,,,,,,,,,,,,,,,,,
2024-08-13,,,,,,,,,,,,,,,,,,,,,,,,,,,,,
2024-08-14,,,,,,,,,,,,,,,,,,,,,,,,,,,,,
2024-08-15,,,,,,,,,,,,,,,,,,,,,,,,,,,,,
2024-08-16,,,,,,,,,,,,,,,,,,,,,,,,,,,,,
2024-08-17,,,,,,,,,,,,,,,,,,,,,,,,,,,,,
2024-08-18,,,,,,,,,,,,,,,,,,,,,,,,,,,,,
2024-08-19,,,,,,,,,,,,,,,,,,,,,,,,,,,,,
2024-08-20,,,,,,,,,,,,,,,,,,,,,,,,,,,,,
2024-08-21,,,,,,,,,,,,,,,,,,,,,,,,,,,,,
2024-08-22,,,,,,,,,,,,,,,,,,,,,,,,,,,,,
2024-08-23,,,,,,,,,,,,,,,,,,,,,,,,,,,,,
2024-08-24,,,,,,,,,,,,,,,,,,,,,,,,,,,,,
2024-08-25,,,,,,,,,,,,,,,,,,,,,,,,,,,,,
2024-08-26,,,,,,,,,,,,,,,,,,,,,,,,,,,,,
2024-08-27,,,,,,,,,,,,,,,,,,,,,,,,,,,,,
2024-08-28,,,,,,,,,,,,,,,,,,,,,,,,,,,,,
2024-08-29,,,,,,,,,,,,,,,,,,,,,,,,,,,,,
2024-08-30,,,,,,,,,,,,,,,,,,,,,,,,,,,,,
2024-08-31,,,,,,,,,,,,,,,,,,,,,,,,,,,,,
2024-09-01,,,,,,,,,,,,,,,,,,,,,,,,,,,,,
2024-09-02,,,,,,,,,,,,,,,,,,,,,,,,,,,,,
2024-09-03,,,,,,,,,,,,,,,,,,,,,,,,,,,,,
2024-09-04,,,,,,,,,,,,,,,,,,,,,,,,,,,,,
2024-09-05,,,,,,,,,,,,,,,,,,,,,,,,,,,,,
2024-09-06,,,,,,,,,,,,,,,,,,,,,,,,,,,,,
2024-09-07,,,,,,,,,,,,,,,,,,,,,,,,,,,,,
2024-09-08,,,,,,,,,,,,,,,,,,,,,,,,,,,,,
2024-09-09,,,,,,,,,,,,,,,,,,,,,,,,,,,,,
2024-09-10,187795.0,-52.465278000000005,-23.073056000000005,-52.41089999999998,-23.0616,Paranavai-Centro,Paranavai,,,,39.79465454545454,3268.154036363637,39.79465454545454,61.22996363636363,3268.154036363637,61.22996363636363,72.34396363636364,3268.154036363637,72.34396363636364,,,,,,,,,,
2024-09-11,187795.0,-52.465278,-23.07305600000001,-52.41089999999998,-23.061600000000002,Paranavai-Centro,Paranavai,,,,32.55554639175258,3263.046103092783,32.55554639175258,47.69220618556701,3263.046103092783,47.69220618556701,58.85049484536082,3263.046103092783,58.85049484536082,,,,,,,,,,
2024-09-12,187795.0,-52.465278,-23.07305600000001,-52.41089999999998,-23.0616,Paranavai-Centro,Paranavai,,,,26.100468085106385,3259.9899574468086,26.100468085106385,35.38787234042554,3259.9899574468086,35.38787234042554,43.21589361702128,3259.9899574468086,43.21589361702128,,,,,,,,,,
2024-09-13,187795.0,-52.465278000000005,-23.07305600000001,-52.41089999999998,-23.061599999999995,Paranavai-Centro,Paranavai,,,,39.57556008146639,3244.4400407331973,39.57556008146639,51.872525458248475,3244.4400407331973,51.872525458248475,61.77435845213849,3244.4400407331973,61.77435845213849,,,,,,,,,,
2024-09-14,,,,,,,,,,,,,,,,,,,,,,,,,,,,,
2024-09-15,,,,,,,,,,,,,,,,,,,,,,,,,,,,,
2024-09-16,187795.0,-52.465278000000005,-23.073056,-52.41089999999998,-23.061599999999995,Paranavai-Centro,Paranavai,,,,4.03749498997996,3331.9693186372742,4.03749498997996,4.900160320641283,3331.9693186372742,4.900160320641283,5.170981963927856,3331.9693186372742,5.170981963927856,,,,,,,,,,
2024-09-17,187795.0,-52.465278000000005,-23.073056000000005,-52.41089999999998,-23.0616,Paranavai-Centro,Paranavai,,,,1.562710843373494,3331.964437751004,1.562710843373494,2.159979919678715,3332.0546987951807,2.159979919678715,2.4269477911646584,3332.0546987951807,2.4269477911646584,,,,,,,,,,
2024-09-18,187795.0,-52.465278000000005,-23.073056000000005,-52.410899999999984,-23.0616,Paranavai-Centro,Paranavai,,,,11.078170731707317,3332.2062601626017,11.078170731707317,14.583272357723576,3332.2062601626017,14.583272357723576,15.884532520325202,3332.2062601626017,15.884532520325202,,,,,,,,,,
2024-09-19,187795.0,-52.46527800000001,-23.073056000000005,-52.41089999999998,-23.0616,Paranavai-Centro,Paranavai,,,,16.308805668016195,3266.2043117408907,16.308805668016195,21.379534412955465,3266.2043117408907,21.379534412955465,23.61074898785425,3266.2043117408907,23.61074898785425,,,,,,,,,,
2024-09-20,187795.0,-52.46527800000001,-23.073056000000005,-52.41089999999998,-23.0616,Paranavai-Centro,Paranavai,,,,25.853633217993078,3287.5787543252595,25.853633217993078,36.55608996539793,3287.583667820069,36.55608996539793,45.08993079584775,3287.5907266435984,45.08993079584775,,,,,,,,,,
2024-09-21,,,,,,,,,,,,,,,,,,,,,,,,,,,,,
2024-09-22,,,,,,,,,,,,,,,,,,,,,,,,,,,,,
2024-09-23,187795.0,-52.465278000000005,-23.073056000000005,-52.41089999999998,-23.061600000000002,Paranavai-Centro,Paranavai,,,,38.14577464788732,3256.4610663983904,38.14577464788732,58.35734406438632,3256.4671830985912,58.35734406438632,69.4274245472837,3256.4709456740443,69.4274245472837,,,,,,,,,,
2024-09-24,187795.0,-52.465278000000005,-23.073056,-52.41089999999998,-23.0616,Paranavai-Centro,Paranavai,,,,32.54478087649402,3234.060219123506,32.54478087649402,50.71794820717131,3234.060219123506,50.71794820717131,63.22494023904383,3234.060219123506,63.22494023904383,,,,,,,,,,
2024-09-25,187795.0,-52.465278,-23.07305600000001,-52.41089999999998,-23.0616,Paranavai-Centro,Paranavai,,,,26.954873949579834,3208.039831932773,26.954873949579834,40.329726890756305,3208.039831932773,40.329726890756305,50.094453781512605,3208.039831932773,50.094453781512605,,,,,,,,,,
2024-09-26,187795.0,-52.46527800000001,-23.073056,-52.41089999999998,-23.061600000000002,Paranavai-Centro,Paranavai,,,,40.01680638722554,3296.248243512974,40.01680638722554,63.622674650698606,3296.248243512974,63.622674650698606,74.21459081836328,3296.248243512974,74.21459081836328,,,,,,,,,,
2024-09-27,187795.0,-52.46527800000001,-23.073056000000005,-52.41089999999998,-23.061600000000002,Paranavai-Centro,Paranavai,,,,4.925267326732673,3332.1041782178213,4.925267326732673,6.853544554455445,3332.1041782178213,6.853544554455445,7.393544554455446,3332.1041782178213,7.393544554455446,,,,,,,,,,
2024-09-28,,,,,,,,,,,,,,,,,,,,,,,,,,,,,
2024-09-29,,,,,,,,,,,,,,,,,,,,,,,,,,,,,
2024-09-30,187795.0,-52.465278000000005,-23.073056,-52.41089999999998,-23.061599999999995,Paranavai-Centro,Paranavai,,,,18.62935871743487,3263.8607214428857,18.62935871743487,24.791122244488978,3263.8607214428857,24.791122244488978,27.11819639278557,3263.8607214428857,27.11819639278557,,,,,,,,,,
2024-10-01,187795.0,-52.465278000000005,-23.073056000000005,-52.41089999999998,-23.0616,Paranavai-Centro,Paranavai,,,,38.75542168674699,3221.1801807228917,38.75542168674699,51.25433734939759,3221.1801807228917,51.25433734939759,59.81839357429719,3221.1801807228917,59.81839357429719,,,,,,,,,,
2024-10-02,187795.0,-52.465278000000005,-23.073056000000005,-52.41089999999998,-23.061599999999995,Paranavai-Centro,Paranavai,,,,52.55719191919193,3267.5632727272723,52.55719191919193,70.73179797979799,3267.5668484848484,70.73179797979799,78.89137373737373,3267.568262626263,78.89137373737373,,,,,,,,,,
2024-10-03,187795.0,-52.465278000000005,-23.073056,-52.41089999999998,-23.0616,Paranavai-Centro,Paranavai,,,,24.06383064516129,3320.564012096774,24.06383064516129,33.94602822580645,3320.564012096774,33.94602822580645,39.57433467741936,3320.564012096774,39.57433467741936,,,,,,,,,,
2024-10-04,187795.0,-52.465278000000005,-23.073056000000005,-52.41089999999998,-23.0616,Paranavai-Centro,Paranavai,,,,18.21879518072289,3307.798293172691,18.21879518072289,26.13218875502008,3307.798293172691,26.13218875502008,30.421927710843374,3307.798293172691,30.421927710843374,,,,,,,,,,
2024-10-05,,,,,,,,,,,,,,,,,,,,,,,,,,,,,
2024-10-06,,,,,,,,,,,,,,,,,,,,,,,,,,,,,
2024-10-07,187795.0,-52.465278000000005,-23.073056,-52.41089999999998,-23.0616,Paranavai-Centro,Paranavai,,,,5.564576612903226,3277.2521370967743,5.564576612903226,7.716491935483871,3277.2521370967743,7.716491935483871,8.993266129032257,3277.2521370967743,8.993266129032257,,,,,,,,,,
2024-10-08,187795.0,-52.465278000000005,-23.073056,-52.41089999999998,-23.0616,Paranavai-Centro,Paranavai,,,,44.677681451612905,3240.3496169354835,44.677681451612905,73.17336693548387,3240.3496169354835,73.17336693548387,80.10118951612904,3240.3496169354835,80.10118951612904,,,,,,,,,,
2024-10-09,187795.0,-52.46527800000001,-23.073056000000005,-52.41089999999998,-23.061599999999995,Paranavai-Centro,Paranavai,,,,26.630278330019877,3332.276640159046,26.630278330019877,40.75131212723658,3332.276640159046,40.75131212723658,51.215109343936376,3332.276640159046,51.215109343936376,,,,,,,,,,
2024-10-10,187795.0,-52.465278000000005,-23.073056000000005,-52.41089999999998,-23.0616,Paranavai-Centro,Paranavai,,,,28.547208835341365,3332.2376305220887,28.547208835341365,41.21493975903615,3332.2376305220887,41.21493975903615,50.850481927710845,3332.2376305220887,50.850481927710845,,,,,,,,,,
2024-10-11,187795.0,-52.465278000000005,-23.073056,-52.41089999999998,-23.061600000000002,Paranavai-Centro,Paranavai,,,,21.201119842829076,3332.338428290766,21.201119842829076,30.18666011787819,3332.338428290766,30.18666011787819,36.581473477406675,3332.338428290766,36.581473477406675,,,,,,,,,,
2024-10-12,,,,,,,,,,,,,,,,,,,,,,,,,,,,,
2024-10-13,,,,,,,,,,,,,,,,,,,,,,,,,,,,,
2024-10-14,187795.0,-52.465278000000005,-23.073056000000005,-52.41089999999998,-23.061600000000002,Paranavai-Centro,Paranavai,,,,7.138028169014085,3320.920040241448,7.138028169014085,9.366418511066398,3320.920040241448,9.366418511066398,10.265150905432597,3320.920040241448,10.265150905432597,,,,,,,,,,
2024-10-15,187795.0,-52.46527800000001,-23.073056000000005,-52.41089999999998,-23.061600000000002,Paranavai-Centro,Paranavai,,,,6.99570297029703,3275.400554455445,6.99570297029703,8.900653465346535,3275.400554455445,8.900653465346535,9.821128712871287,3275.400554455445,9.821128712871287,,,,,,,,,,
2024-10-16,187795.0,-52.46527800000001,-23.073056,-52.41089999999998,-23.061600000000002,Paranavai-Centro,Paranavai,,,,16.852275449101796,3267.3435928143713,16.852275449101796,21.809421157684632,3267.3435928143713,21.809421157684632,23.862395209580836,3267.3435928143713,23.862395209580836,,127.27516990291261,125.52553398058252,129.0248058252427,6.289514563106796,6.656116504854368,5.922912621359223,0.546881067961165,0.769878640776699,0.3238834951456311
2024-10-17,187795.0,-52.465278000000005,-23.073056,-52.41089999999998,-23.0616,Paranavai-Centro,Paranavai,,,,23.15860557768924,3224.1969721115534,23.15860557768924,32.11713147410359,3224.1994422310754,32.11713147410359,37.18266932270916,3224.203187250996,37.18266932270916,,224.6029780876494,221.23017928286853,227.97577689243028,11.37172310756972,11.36633466135458,11.377111553784859,0.6845019920318726,0.9485258964143426,0.4204780876494024
2024-10-18,187795.0,-52.465278000000005,-23.073056,-52.41089999999998,-23.061600000000002,Paranavai-Centro,Paranavai,,,,17.652554027504912,3332.0972102161095,17.652554027504912,24.69895874263261,3332.0972102161095,24.69895874263261,27.348330058939094,3332.0972102161095,27.348330058939094,,170.20173870333988,166.53913555992142,173.86434184675835,8.263055009823184,8.64351669941061,7.882593320235756,0.4606876227897839,0.630589390962672,0.2907858546168959
2024-10-19,,,,,,,,,,,,,,,,,,,,,,,,,,,,,
2024-10-20,,,,,,,,,,,,,,,,,,,,,,,,,,,,,
2024-10-21,187795.0,-52.465278,-23.07305600000001,-52.41089999999998,-23.061600000000002,Paranavai-Centro,Paranavai,,,,2.9319999999999995,3322.415505154639,2.9319999999999995,3.6462474226804127,3322.415505154639,3.6462474226804127,4.079690721649484,3322.415505154639,4.079690721649484,,18.563175257731963,18.841360824742264,18.28498969072165,1.5761649484536082,1.7343917525773198,1.4179381443298968,0.1993092783505155,0.25797938144329896,0.14063917525773192
2024-10-22,187795.0,-52.465278000000005,-23.073056,-52.41089999999998,-23.0616,Paranavai-Centro,Paranavai,,,,6.5238508064516125,3274.7485080645165,6.5238508064516125,7.953064516129031,3274.7485080645165,7.953064516129031,8.452842741935486,3274.7485080645165,8.452842741935486,,41.60818548387097,41.54183467741935,41.67453629032258,2.118629032258065,2.3974798387096774,1.8397782258064515,0.25006048387096774,0.3311491935483871,0.1689717741935484
2024-10-23,187795.0,-52.46527800000001,-23.073056000000005,-52.41089999999998,-23.061600000000002,Paranavai-Centro,Paranavai,,,,8.657287128712872,3261.156554455445,8.657287128712872,10.090871287128714,3261.156554455445,10.090871287128714,10.637821782178218,3261.156554455445,10.637821782178218,,39.088376237623756,39.32269306930693,38.85405940594058,2.1613663366336633,2.4085346534653462,1.9141980198019803,0.227,0.3017227722772277,0.1522772277227723
2024-10-24,187795.0,-52.465278000000005,-23.073056000000005,-52.41089999999998,-23.0616,Paranavai-Centro,Paranavai,,,,9.65812,3287.4079800000004,9.65812,12.287840000000001,3287.41062,12.287840000000001,13.63446,3287.4136200000003,13.63446,,76.20645,76.69091999999998,75.72198,4.896809999999999,5.36382,4.4298,0.46802999999999995,0.6211800000000001,0.31488
2024-10-25,187795.0,-52.46527800000001,-23.073056000000005,-52.41089999999998,-23.061599999999995,Paranavai-Centro,Paranavai,,,,19.42202783300199,3322.6618091451296,19.42202783300199,24.783836978131212,3322.6618091451296,24.783836978131212,26.912604373757457,3322.6618091451296,26.912604373757457,,135.80951292246522,135.40558648111332,136.21343936381712,5.61389662027833,5.879801192842942,5.347992047713718,0.41627236580516896,0.576182902584493,0.256361829025845
2024-10-26,,,,,,,,,,,,,,,,,,,,,,,,,,,,,
2024-10-27,,,,,,,,,,,,,,,,,,,,,,,,,,,,,
2024-10-28,187795.0,-52.465278000000005,-23.073056000000005,-52.41089999999998,-23.0616,Paranavai-Centro,Paranavai,,,,4.960686274509803,3320.5077647058824,4.960686274509803,6.0386274509803926,3320.5077647058824,6.0386274509803926,6.476294117647059,3320.5077647058824,6.476294117647059,,30.09362745098039,30.58841176470588,29.598843137254903,1.9747941176470587,2.2722156862745098,1.6773725490196079,0.24591176470588233,0.3385294117647059,0.1532941176470588
2024-10-29,187795.0,-52.465278000000005,-23.073056000000005,-52.41089999999998,-23.0616,Paranavai-Centro,Paranavai,,,,3.89088,3261.47166,3.89088,4.753360000000001,3261.47188,4.753360000000001,5.23592,3261.4732400000003,5.23592,,23.071410000000004,23.33384,22.808980000000002,1.9007,2.13388,1.66752,0.26331,0.34936,0.17726
2024-10-30,187795.0,-52.465278000000005,-23.073056000000005,-52.41089999999998,-23.061600000000002,Paranavai-Centro,Paranavai,,,,4.81841046277666,3258.102374245473,4.81841046277666,5.9654728370221335,3258.102374245473,5.9654728370221335,6.697545271629778,3258.102374245473,6.697545271629778,,29.212716297786724,29.867203219315897,28.558229376257547,2.8169416498993964,3.053239436619718,2.5806438631790742,0.366327967806841,0.4889134808853119,0.24374245472837022
2024-10-31,187795.0,-52.465278000000005,-23.073056000000005,-52.41089999999998,-23.061599999999995,Paranavai-Centro,Paranavai,,,,2.8106418219461693,3265.6138509316766,2.8106418219461693,3.6419461697722566,3265.6138509316766,3.6419461697722566,4.329668737060041,3265.6138509316766,4.329668737060041,,20.58497929606625,21.342153209109732,19.827805383022774,2.608260869565217,2.933498964803313,2.283022774327122,0.3786128364389234,0.5181573498964803,0.23906832298136646
2024-11-01,187795.0,-52.46527800000001,-23.073056,-52.41089999999998,-23.0616,Paranavai-Centro,Paranavai,,,,3.2635968379446636,3287.382470355731,3.2635968379446636,4.33298418972332,3287.382470355731,4.33298418972332,5.322648221343874,3287.382470355731,5.322648221343874,,25.323102766798414,25.782411067193678,24.863794466403167,3.5525790513833995,3.8262055335968377,3.278952569169961,0.4674703557312253,0.6313438735177866,0.303596837944664
2024-11-02,,,,,,,,,,,,,,,,,,,,,,,,,,,,,
2024-11-03,,,,,,,,,,,,,,,,,,,,,,,,,,,,,
2024-11-04,187795.0,-52.465278000000005,-23.073056000000005,-52.41089999999998,-23.061599999999995,Paranavai-Centro,Paranavai,,,,7.372747474747475,3329.401212121212,7.372747474747475,8.357434343434342,3329.401212121212,8.357434343434342,8.70969696969697,3329.401212121212,8.70969696969697,,29.692141414141414,30.087636363636367,29.296646464646464,1.4737272727272728,1.6726666666666667,1.2747878787878788,0.162010101010101,0.2192121212121212,0.10480808080808081
2024-11-05,187795.0,-52.46527800000001,-23.073056000000005,-52.41089999999998,-23.061600000000002,Paranavai-Centro,Paranavai,,,,3.8761188118811876,3260.289465346535,3.8761188118811876,4.5466732673267325,3260.289465346535,4.5466732673267325,4.813504950495049,3260.289465346535,4.813504950495049,,20.821445544554454,21.126554455445543,20.516336633663368,1.1023960396039605,1.247029702970297,0.9577623762376238,0.13731683168316833,0.18687128712871287,0.08776237623762376
2024-11-06,187795.0,-52.46527800000001,-23.073056000000005,-52.41089999999998,-23.061599999999995,Paranavai-Centro,Paranavai,,,,2.0806163021868787,3271.6479522862824,2.0806163021868787,2.5089264413518886,3271.6479522862824,2.5089264413518886,2.8126242544731612,3271.6479522862824,2.8126242544731612,,11.52065606361829,11.72717693836978,11.3141351888668,1.102534791252485,1.2055268389662026,0.9995427435387675,0.16032803180914515,0.20858846918489066,0.11206759443339961
2024-11-07,187795.0,-52.465278000000005,-23.073056000000005,-52.410899999999984,-23.0616,Paranavai-Centro,Paranavai,,,,3.327804878048781,3321.2412195121956,3.327804878048781,4.27569105691057,3321.2424390243905,4.27569105691057,4.770487804878049,3321.2477439024387,4.770487804878049,,23.85318089430894,23.8705081300813,23.835853658536585,1.9001930894308943,2.1074593495934963,1.6929268292682929,0.1956808943089431,0.2736991869918699,0.11766260162601626
2024-11-08,187795.0,-52.465278000000005,-23.073056,-52.41089999999998,-23.061600000000002,Paranavai-Centro,Paranavai,,,,2.63098231827112,3323.656915520629,2.63098231827112,3.1389194499017683,3323.656915520629,3.1389194499017683,3.4277406679764244,3323.657956777996,3.4277406679764244,,14.712612966601178,15.104165029469545,14.321060903732809,1.1339980353634576,1.2619253438113949,1.0060707269155205,0.13508840864440078,0.19025540275049116,0.07992141453831042
2024-11-09,,,,,,,,,,,,,,,,,,,,,,,,,,,,,
2024-11-10,,,,,,,,,,,,,,,,,,,,,,,,,,,,,
2024-11-11,187795.0,-52.46527800000001,-23.073056,-52.41089999999998,-23.0616,Paranavai-Centro,Paranavai,,,,2.7923320158102762,3247.2717984189726,2.7923320158102762,3.6467193675889327,3247.2717984189726,3.6467193675889327,4.436403162055337,3247.2717984189726,4.436403162055337,,19.560079051383397,20.199802371541498,18.920355731225296,2.6552371541501976,2.87901185770751,2.431462450592886,0.3455138339920949,0.46780632411067197,0.22322134387351783
2024-11-12,187795.0,-52.46527800000001,-23.073056000000005,-52.41089999999998,-23.061600000000002,Paranavai-Centro,Paranavai,,,,3.555069306930693,3317.2825742574255,3.555069306930693,4.424574257425743,3317.2825742574255,4.424574257425743,5.220475247524752,3317.2825742574255,5.220475247524752,,21.98930693069307,23.04059405940594,20.9380198019802,2.79370297029703,3.076990099009901,2.5104158415841584,0.40074257425742577,0.5104950495049505,0.29099009900990097
2024-11-13,187795.0,-52.465278000000005,-23.073056000000005,-52.41089999999998,-23.0616,Paranavai-Centro,Paranavai,,,,1.3258858267716538,3321.055393700787,1.3258858267716538,1.728307086614173,3321.055393700787,1.728307086614173,2.0725393700787405,3321.055393700787,2.0725393700787405,,10.594094488188977,10.968818897637796,10.219370078740157,1.38628937007874,1.5515551181102363,1.2210236220472441,0.19556102362204725,0.27131889763779526,0.11980314960629922
2024-11-14,187795.0,-52.46527800000001,-23.073056000000005,-52.41089999999998,-23.061599999999995,Paranavai-Centro,Paranavai,,,,3.879542743538768,3316.7193439363814,3.879542743538768,4.689741550695825,3316.7193439363814,4.689741550695825,5.252584493041749,3316.7193439363814,5.252584493041749,,21.95368787276342,22.7662027833002,21.14117296222664,2.0967196819085485,2.3240954274353878,1.8693439363817097,0.2704870775347913,0.36163021868787276,0.17934393638170976
2024-11-15,187795.0,-52.465278000000005,-23.073056,-52.41089999999998,-23.061600000000002,Paranavai-Centro,Paranavai,,,,2.686031434184676,3276.13137524558,2.686031434184676,3.3113555992141452,3276.13137524558,3.3113555992141452,3.779410609037328,3276.13137524558,3.779410609037328,,16.40573673870334,16.911394891944994,15.900078585461689,1.7270333988212179,1.89524557956778,1.5588212180746563,0.24790766208251475,0.3156188605108055,0.18019646365422395
2024-11-16,,,,,,,,,,,,,,,,,,,,,,,,,,,,,
2024-11-17,,,,,,,,,,,,,,,,,,,,,,,,,,,,,
2024-11-18,,,,,,,,,,,,,,,,,,,,,,,,,,,,,
2024-11-19,,,,,,,,,,,,,,,,,,,,,,,,,,,,,
2024-11-20,,,,,,,,,,,,,,,,,,,,,,,,,,,,,
2024-11-21,,,,,,,,,,,,,,,,,,,,,,,,,,,,,
2024-11-22,,,,,,,,,,,,,,,,,,,,,,,,,,,,,
2024-11-23,,,,,,,,,,,,,,,,,,,,,,,,,,,,,
2024-11-24,,,,,,,,,,,,,,,,,,,,,,,,,,,,,
2024-11-25,,,,,,,,,,,,,,,,,,,,,,,,,,,,,
2024-11-26,,,,,,,,,,,,,,,,,,,,,,,,,,,,,
2024-11-27,,,,,,,,,,,,,,,,,,,,,,,,,,,,,
2024-11-28,,,,,,,,,,,,,,,,,,,,,,,,,,,,,
2024-11-29,,,,,,,,,,,,,,,,,,,,,,,,,,,,,
2024-11-30,,,,,,,,,,,,,,,,,,,,,,,,,,,,,
2024-12-01,,,,,,,,,,,,,,,,,,,,,,,,,,,,,
2024-12-02,,,,,,,,,,,,,,,,,,,,,,,,,,,,,
2024-12-03,,,,,,,,,,,,,,,,,,,,,,,,,,,,,
2024-12-04,,,,,,,,,,,,,,,,,,,,,,,,,,,,,
2024-12-05,,,,,,,,,,,,,,,,,,,,,,,,,,,,,
2024-12-06,,,,,,,,,,,,,,,,,,,,,,,,,,,,,
2024-12-07,,,,,,,,,,,,,,,,,,,,,,,,,,,,,
2024-12-08,,,,,,,,,,,,,,,,,,,,,,,,,,,,,
2024-12-09,,,,,,,,,,,,,,,,,,,,,,,,,,,,,
2024-12-10,,,,,,,,,,,,,,,,,,,,,,,,,,,,,
2024-12-11,,,,,,,,,,,,,,,,,,,,,,,,,,,,,
2024-12-12,,,,,,,,,,,,,,,,,,,,,,,,,,,,,
2024-12-13,,,,,,,,,,,,,,,,,,,,,,,,,,,,,
2024-12-14,,,,,,,,,,,,,,,,,,,,,,,,,,,,,
2024-12-15,,,,,,,,,,,,,,,,,,,,,,,,,,,,,
2024-12-16,,,,,,,,,,,,,,,,,,,,,,,,,,,,,
2024-12-17,,,,,,,,,,,,,,,,,,,,,,,,,,,,,
2024-12-18,,,,,,,,,,,,,,,,,,,,,,,,,,,,,
2024-12-19,,,,,,,,,,,,,,,,,,,,,,,,,,,,,
2024-12-20,,,,,,,,,,,,,,,,,,,,,,,,,,,,,
2024-12-21,,,,,,,,,,,,,,,,,,,,,,,,,,,,,
2024-12-22,,,,,,,,,,,,,,,,,,,,,,,,,,,,,
2024-12-23,,,,,,,,,,,,,,,,,,,,,,,,,,,,,
2024-12-24,,,,,,,,,,,,,,,,,,,,,,,,,,,,,
2024-12-25,,,,,,,,,,,,,,,,,,,,,,,,,,,,,
2024-12-26,,,,,,,,,,,,,,,,,,,,,,,,,,,,,
2024-12-27,,,,,,,,,,,,,,,,,,,,,,,,,,,,,
2024-12-28,,,,,,,,,,,,,,,,,,,,,,,,,,,,,
2024-12-29,,,,,,,,,,,,,,,,,,,,,,,,,,,,,
2024-12-30,,,,,,,,,,,,,,,,,,,,,,,,,,,,,
2024-12-31,,,,,,,,,,,,,,,,,,,,,,,,,,,,,
2025-01-01,,,,,,,,,,,,,,,,,,,,,,,,,,,,,
2025-01-02,,,,,,,,,,,,,,,,,,,,,,,,,,,,,
2025-01-03,,,,,,,,,,,,,,,,,,,,,,,,,,,,,
2025-01-04,,,,,,,,,,,,,,,,,,,,,,,,,,,,,
2025-01-05,,,,,,,,,,,,,,,,,,,,,,,,,,,,,
2025-01-06,,,,,,,,,,,,,,,,,,,,,,,,,,,,,
2025-01-07,,,,,,,,,,,,,,,,,,,,,,,,,,,,,
2025-01-08,,,,,,,,,,,,,,,,,,,,,,,,,,,,,
2025-01-09,,,,,,,,,,,,,,,,,,,,,,,,,,,,,
2025-01-10,,,,,,,,,,,,,,,,,,,,,,,,,,,,,
2025-01-11,,,,,,,,,,,,,,,,,,,,,,,,,,,,,
2025-01-12,,,,,,,,,,,,,,,,,,,,,,,,,,,,,
2025-01-13,,,,,,,,,,,,,,,,,,,,,,,,,,,,,
2025-01-14,,,,,,,,,,,,,,,,,,,,,,,,,,,,,
2025-01-15,,,,,,,,,,,,,,,,,,,,,,,,,,,,,
2025-01-16,,,,,,,,,,,,,,,,,,,,,,,,,,,,,
2025-01-17,,,,,,,,,,,,,,,,,,,,,,,,,,,,,
2025-01-18,,,,,,,,,,,,,,,,,,,,,,,,,,,,,
2025-01-19,,,,,,,,,,,,,,,,,,,,,,,,,,,,,
2025-01-20,,,,,,,,,,,,,,,,,,,,,,,,,,,,,
2025-01-21,,,,,,,,,,,,,,,,,,,,,,,,,,,,,
2025-01-22,,,,,,,,,,,,,,,,,,,,,,,,,,,,,
2025-01-23,187795.0,-52.465278000000005,-23.073056000000005,-52.41089999999997,-23.061599999999995,Paranavai-Centro,Paranavai,,,,1.2536241610738255,3285.548277404922,1.2536241610738255,1.7920581655480983,3285.548657718121,1.7920581655480983,2.403668903803132,3285.5525503355702,2.403668903803132,,13.51440715883669,13.803266219239372,13.225548098434004,2.481129753914989,2.700805369127517,2.2614541387024607,0.3818568232662192,0.5206487695749441,0.24306487695749437
2025-01-24,187795.0,-52.465278000000005,-23.073056,-52.41089999999998,-23.061600000000002,Paranavai-Centro,Paranavai,,,,1.5703536345776035,3223.671984282908,1.5703536345776035,1.907878192534381,3223.671984282908,1.907878192534381,2.147328094302554,3223.671984282908,2.147328094302554,,9.9601768172888,9.930746561886052,9.98960707269155,1.0233595284872299,1.1229469548133597,0.9237721021611003,0.13788801571709233,0.1969155206286837,0.07886051080550098
2025-01-25,,,,,,,,,,,,,,,,,,,,,,,,,,,,,
2025-01-26,,,,,,,,,,,,,,,,,,,,,,,,,,,,,
2025-01-27,187795.0,-52.465278000000005,-23.073056000000005,-52.41089999999997,-23.0616,Paranavai-Centro,Paranavai,,,,0.2570238095238095,3263.7497619047617,0.2570238095238095,0.39626984126984127,3263.7497619047617,0.39626984126984127,0.5708928571428572,3263.750714285714,0.5708928571428572,,5.35921626984127,5.498095238095238,5.220337301587301,0.7484027777777779,0.8241666666666666,0.6726388888888889,0.11446428571428571,0.15569444444444444,0.07323412698412697
2025-01-28,187795.0,-52.465278000000005,-23.073056000000005,-52.41089999999998,-23.0616,Paranavai-Centro,Paranavai,,,,1.6433858267716537,3310.6570078740156,1.6433858267716537,2.026594488188976,3310.6570078740156,2.026594488188976,2.313937007874016,3310.6578543307087,2.313937007874016,,10.758001968503937,10.931476377952757,10.58452755905512,1.0942913385826774,1.2370472440944882,0.9515354330708662,0.16788385826771654,0.22208661417322836,0.11368110236220473
2025-01-29,187795.0,-52.465278000000005,-23.073056,-52.41089999999998,-23.061600000000002,Paranavai-Centro,Paranavai,,,,2.225992141453831,3304.270098231827,2.225992141453831,2.6452652259332026,3304.270098231827,2.6452652259332026,2.937996070726915,3304.270098231827,2.937996070726915,,11.780235756385068,11.984872298624756,11.575599214145383,1.017917485265226,1.1104322200392929,0.925402750491159,0.1429666011787819,0.1937721021611002,0.09216110019646365
2025-01-30,187795.0,-52.465278000000005,-23.073056,-52.41089999999998,-23.061600000000002,Paranavai-Centro,Paranavai,,,,3.5279567779960708,3307.191493123772,3.5279567779960708,4.163084479371316,3307.191866404715,4.163084479371316,4.536876227897839,3307.1934184675833,4.536876227897839,,17.22302554027505,17.376090373280945,17.069960707269157,1.4616208251473475,1.6200196463654224,1.303222003929273,0.19141453831041258,0.25675834970530453,0.12607072691552063
2025-01-31,187795.0,-52.465278000000005,-23.073056000000005,-52.41089999999997,-23.061599999999995,Paranavai-Centro,Paranavai,,,,2.2832149901380667,3308.1781262327418,2.2832149901380667,2.888165680473373,3308.1781262327418,2.888165680473373,3.298244575936884,3308.1781262327418,3.298244575936884,,14.690276134122287,14.774615384615384,14.605936883629191,1.620887573964497,1.7661341222879683,1.4756410256410257,0.19976331360946745,0.27063116370808676,0.1288954635108481
2025-02-01,,,,,,,,,,,,,,,,,,,,,,,,,,,,,
2025-02-02,,,,,,,,,,,,,,,,,,,,,,,,,,,,,
2025-02-03,187795.0,-52.46527800000001,-23.073056000000005,-52.41089999999998,-23.061600000000002,Paranavai-Centro,Paranavai,,,,0.9642772277227721,3317.126811881188,0.9642772277227721,1.1847722772277227,3317.126811881188,1.1847722772277227,1.4156435643564358,3317.126811881188,1.4156435643564358,,6.872405940594058,7.0024554455445545,6.742356435643564,0.8360594059405941,0.9147920792079208,0.7573267326732674,0.1242970297029703,0.16827722772277226,0.08031683168316832
2025-02-04,187795.0,-52.465278000000005,-23.073056000000005,-52.41089999999997,-23.0616,Paranavai-Centro,Paranavai,,,,0.3328968253968254,3320.6060515873014,0.3328968253968254,0.4502579365079365,3320.6060515873014,0.4502579365079365,0.6683333333333334,3320.6106150793653,0.6683333333333334,,4.003402777777777,4.166051587301587,3.840753968253969,0.8729563492063492,0.9712301587301586,0.7746825396825396,0.14107142857142857,0.193234126984127,0.08890873015873016
2025-02-05,187795.0,-52.465278000000005,-23.073056,-52.41089999999998,-23.061600000000002,Paranavai-Centro,Paranavai,,,,0.9457367387033399,3331.594557956778,0.9457367387033399,1.2882318271119844,3331.594557956778,1.2882318271119844,1.5627111984282909,3331.594557956778,1.5627111984282909,,8.722288801571707,8.891041257367387,8.553536345776031,1.1113261296660117,1.222023575638507,1.0006286836935168,0.14040275049115913,0.1909626719056975,0.08984282907662083
2025-02-06,187795.0,-52.465278,-23.073056000000005,-52.41089999999998,-23.061600000000002,Paranavai-Centro,Paranavai,,,,0.6510864197530865,3325.6124197530867,0.6510864197530865,0.8452839506172839,3325.6124197530867,0.8452839506172839,1.0727407407407408,3325.6124197530867,1.0727407407407408,,6.209518518518519,6.329753086419753,6.089283950617284,0.8599753086419752,0.9365432098765433,0.7834074074074073,0.13391358024691358,0.18414814814814814,0.08367901234567901
2025-02-07,187795.0,-52.465278000000005,-23.073056,-52.41089999999998,-23.061600000000002,Paranavai-Centro,Paranavai,,,,2.8768172888015715,3295.481218074656,2.8768172888015715,3.628212180746562,3295.481218074656,3.628212180746562,4.042612966601178,3295.481218074656,4.042612966601178,,18.938732809430253,18.659115913555997,19.218349705304522,1.6790471512770138,1.8424950884086444,1.515599214145383,0.21640471512770135,0.2947151277013752,0.1380943025540275
2025-02-08,,,,,,,,,,,,,,,,,,,,,,,,,,,,,
2025-02-09,,,,,,,,,,,,,,,,,,,,,,,,,,,,,
2025-02-10,187795.0,-52.465278000000005,-23.073056000000005,-52.41089999999998,-23.0616,Paranavai-Centro,Paranavai,,,,4.083937007874017,3215.8498622047246,4.083937007874017,4.8418503937007875,3215.8501574803154,4.8418503937007875,5.315216535433071,3215.8510236220473,5.315216535433071,,20.358031496062996,20.508858267716537,20.20720472440945,1.7961909448818898,1.9674606299212598,1.6249212598425198,0.2475492125984252,0.31842519685039367,0.17667322834645668
2025-02-11,187795.0,-52.465278000000005,-23.073056,-52.41089999999998,-23.061600000000002,Paranavai-Centro,Paranavai,,,,8.478290766208252,3244.5308447937136,8.478290766208252,9.401532416502945,3244.531021611002,9.401532416502945,10.24416502946955,3244.532750491159,10.24416502946955,,31.445294695481333,31.782612966601175,31.107976424361492,4.542612966601178,4.917308447937131,4.167917485265225,0.40197445972495094,0.5693516699410609,0.23459724950884087
2025-02-12,187795.0,-52.465278000000005,-23.073056000000005,-52.41089999999997,-23.061599999999995,Paranavai-Centro,Paranavai,,,,1.3370019723865878,3285.6041222879685,1.3370019723865878,1.8929388560157792,3285.604437869823,1.8929388560157792,2.3901577909270215,3285.6059960552275,2.3901577909270215,,12.546952662721894,12.483412228796844,12.610493096646943,1.9724260355029586,2.103431952662722,1.841420118343195,0.24572978303747534,0.32510848126232744,0.16635108481262328
2025-02-13,187795.0,-52.465278000000005,-23.073056000000005,-52.41089999999997,-23.061599999999995,Paranavai-Centro,Paranavai,,,,0.499723865877712,3263.394043392505,0.499723865877712,0.7542406311637082,3263.394043392505,0.7542406311637082,1.0285404339250495,3263.395364891519,1.0285404339250495,,7.642199211045366,7.726331360946745,7.5580670611439835,1.2126429980276132,1.3615187376725837,1.0637672583826427,0.17667652859960553,0.23968441814595656,0.11366863905325443
2025-02-14,187795.0,-52.465278000000005,-23.073056000000005,-52.410899999999984,-23.0616,Paranavai-Centro,Paranavai,,,,1.2142222222222223,3321.283844444444,1.2142222222222223,1.5990666666666664,3321.283844444444,1.5990666666666664,1.9034000000000004,3321.283844444444,1.9034000000000004,,9.901822222222224,9.895955555555554,9.907688888888888,1.1523444444444446,1.2593333333333334,1.0453555555555556,0.16771111111111112,0.23437777777777777,0.10104444444444444
2025-02-15,,,,,,,,,,,,,,,,,,,,,,,,,,,,,
2025-02-16,,,,,,,,,,,,,,,,,,,,,,,,,,,,,
2025-02-17,187795.0,-52.465278000000005,-23.073056,-52.41089999999998,-23.061600000000002,Paranavai-Centro,Paranavai,,,,2.1648722986247546,3204.0888801571705,2.1648722986247546,2.7985658153241655,3204.089174852652,2.7985658153241655,3.3193516699410615,3204.090314341847,3.3193516699410615,,15.30614931237721,15.350216110019646,15.262082514734773,1.9068762278978386,2.1152652259332023,1.6984872298624756,0.27456777996070725,0.36846758349705305,0.1806679764243615
2025-02-18,187795.0,-52.465278000000005,-23.073056,-52.41089999999998,-23.061600000000002,Paranavai-Centro,Paranavai,,,,18.966758349705305,3311.7711394891944,18.966758349705305,19.73966601178782,3311.7711394891944,19.73966601178782,20.89557956777996,3311.7711394891944,20.89557956777996,,19.00081532416503,18.11436149312377,19.887269155206287,2.6996954813359526,2.2367976424361493,3.1625933202357563,0.26222003929273086,0.35624754420432214,0.16819253438113946
2025-02-19,187795.0,-52.465278000000005,-23.073056000000005,-52.41089999999998,-23.0616,Paranavai-Centro,Paranavai,,,,15.673996062992124,3324.9227362204724,15.673996062992124,16.303503937007875,3324.9229921259844,16.303503937007875,17.133622047244096,3324.9240157480313,17.133622047244096,,16.750196850393703,15.889389763779526,17.611003937007872,1.9833759842519685,1.6564763779527558,2.3102755905511807,0.18541338582677164,0.2465748031496063,0.12425196850393702
2025-02-20,187795.0,-52.465278000000005,-23.073056,-52.41089999999998,-23.061600000000002,Paranavai-Centro,Paranavai,,,,11.626502946954814,3292.532043222004,11.626502946954814,12.967170923379175,3292.532043222004,12.967170923379175,14.824440078585463,3292.532043222004,14.824440078585463,,31.001335952848724,31.11326129666012,30.889410609037327,7.161601178781925,7.417308447937131,6.905893909626718,1.049449901768173,1.4277799607072692,0.6711198428290767
2025-02-21,187795.0,-52.465278000000005,-23.073056,-52.41089999999998,-23.061600000000002,Paranavai-Centro,Paranavai,,,,1850.344145383104,3253.846817288801,1850.344145383104,1850.5086836935166,3253.846817288801,1850.5086836935166,1850.7166404715128,3253.846817288801,1850.7166404715128,,12.928447937131631,12.828408644400785,13.028487229862476,1.634410609037328,1.718015717092338,1.5508055009823185,0.22716110019646366,0.29919449901768175,0.15512770137524556
2025-02-22,,,,,,,,,,,,,,,,,,,,,,,,,,,,,
2025-02-23,,,,,,,,,,,,,,,,,,,,,,,,,,,,,
2025-02-24,187795.0,-52.465278000000005,-23.073056,-52.41089999999998,-23.061600000000002,Paranavai-Centro,Paranavai,,,,833.8903536345775,3286.3556777996073,833.8903536345775,834.8370923379175,3286.3556777996073,834.8370923379175,835.8704322200392,3286.3556777996073,835.8704322200392,,32.67135559921414,31.84489194499018,33.49781925343811,3.339813359528487,3.052023575638507,3.627603143418467,0.2940176817288802,0.4007662082514735,0.1872691552062868
2025-02-25,187795.0,-52.465278000000005,-23.073056000000005,-52.41089999999998,-23.0616,Paranavai-Centro,Paranavai,,,,727.1539607843137,3293.3416274509805,727.1539607843137,727.4834117647059,3293.3416274509805,727.4834117647059,727.9765294117647,3293.3416274509805,727.9765294117647,,14.374970588235294,14.081392156862746,14.668549019607845,1.7828725490196076,1.7052352941176472,1.8605098039215688,0.22976470588235295,0.30233333333333334,0.15719607843137257
2025-02-26,187795.0,-52.465278000000005,-23.073056000000005,-52.41089999999998,-23.0616,Paranavai-Centro,Paranavai,,,,882.9116666666665,3276.029549019608,882.9116666666665,883.6548431372548,3276.029549019608,883.6548431372548,885.1859215686275,3276.029549019608,885.1859215686275,,25.775862745098042,23.930039215686275,27.621686274509806,3.9290980392156856,2.9490588235294117,4.90913725490196,0.33303921568627454,0.45974509803921576,0.20633333333333337
2025-02-27,187795.0,-52.465278000000005,-23.073056,-52.41089999999998,-23.061600000000002,Paranavai-Centro,Paranavai,,,,847.9820825147348,3243.889155206287,847.9820825147348,848.3663457760314,3243.889155206287,848.3663457760314,849.2507072691552,3243.89021611002,849.2507072691552,,14.124980353634577,13.314970530451868,14.934990176817289,2.1985854616895875,1.7488801571709236,2.648290766208251,0.22157170923379174,0.30269155206286835,0.14045186640471516
2025-02-28,187795.0,-52.465278000000005,-23.073056,-52.41089999999998,-23.061600000000002,Paranavai-Centro,Paranavai,,,,1718.0934970530454,3221.305893909627,1718.0934970530454,1718.379155206287,3221.305893909627,1718.379155206287,1718.6925147347742,3221.305893909627,1718.6925147347742,,16.627750491159134,16.565265225933203,16.69023575638507,1.8681041257367388,1.986738703339882,1.7494695481335953,0.2544400785854617,0.33369351669941066,0.17518664047151278
2025-03-01,,,,,,,,,,,,,,,,,,,,,,,,,,,,,
2025-03-02,,,,,,,,,,,,,,,,,,,,,,,,,,,,,
2025-03-03,187795.0,-52.465278000000005,-23.073056,-52.41089999999998,-23.061600000000002,Paranavai-Centro,Paranavai,,,,676.1242436149311,3230.465933202358,676.1242436149311,676.7600000000001,3230.466326129666,676.7600000000001,677.9439489194499,3230.4682514734777,677.9439489194499,,20.571846758349704,19.22039292730845,21.923300589390962,3.0364341846758345,2.4447151277013757,3.6281532416502946,0.3197347740667977,0.41548133595284875,0.22398821218074658
2025-03-04,187795.0,-52.465278000000005,-23.073056000000005,-52.41089999999998,-23.0616,Paranavai-Centro,Paranavai,,,,1452.9424409448818,3232.4784251968504,1452.9424409448818,1453.2972244094487,3232.4788385826773,1453.2972244094487,1453.665118110236,3232.4830314960627,1453.665118110236,,19.035866141732285,19.073405511811025,18.99832677165354,2.359645669291339,2.553208661417323,2.1660826771653543,0.32429133858267717,0.4515748031496063,0.197007874015748
2025-03-05,187795.0,-52.465278000000005,-23.073056000000005,-52.41089999999998,-23.0616,Paranavai-Centro,Paranavai,,,,1366.5921653543307,3331.2203543307087,1366.5921653543307,1367.0125590551183,3331.220413385827,1367.0125590551183,1368.3125,3331.2216732283464,1368.3125,,22.450974409448822,20.51265748031496,24.389291338582677,3.3879330708661417,2.334015748031496,4.441850393700787,0.2861417322834645,0.3639763779527559,0.20830708661417321
2025-03-06,187795.0,-52.465278000000005,-23.073056000000005,-52.41089999999997,-23.061599999999995,Paranavai-Centro,Paranavai,,,,814.7015384615386,3276.002544378698,814.7015384615386,815.7453648915188,3276.002544378698,815.7453648915188,816.5284220907298,3276.002544378698,816.5284220907298,,31.92337278106509,31.165404339250493,32.68134122287969,3.239644970414201,3.3519329388560157,3.127357001972387,0.36227810650887576,0.49485207100591716,0.22970414201183434
2025-03-07,187795.0,-52.465278000000005,-23.073056,-52.41089999999998,-23.061600000000002,Paranavai-Centro,Paranavai,,,,907.8298428290766,3263.7170923379176,907.8298428290766,908.3242043222004,3263.7170923379176,908.3242043222004,909.3589194499018,3263.7170923379176,909.3589194499018,,18.232671905697448,17.389921414538314,19.07542239685658,2.890618860510805,2.5352652259332022,3.2459724950884086,0.3230255402750491,0.4395874263261297,0.20646365422396856
2025-03-08,,,,,,,,,,,,,,,,,,,,,,,,,,,,,
2025-03-09,,,,,,,,,,,,,,,,,,,,,,,,,,,,,
2025-03-10,187795.0,-52.465278000000005,-23.073056000000005,-52.41089999999998,-23.0616,Paranavai-Centro,Paranavai,,,,1506.8439566929133,3262.6182677165357,1506.8439566929133,1507.3747047244096,3262.6184645669296,1507.3747047244096,1508.2671653543307,3262.620334645669,1508.2671653543307,,21.626771653543308,20.981830708661416,22.271712598425196,3.3777755905511815,3.1921259842519683,3.563425196850394,0.42500984251968504,0.593248031496063,0.25677165354330705
2025-03-11,187795.0,-52.465278000000005,-23.073056000000005,-52.41089999999998,-23.0616,Paranavai-Centro,Paranavai,,,,3331.96342519685,3331.968523622047,3331.96342519685,3331.96342519685,3331.968523622047,3331.96342519685,3331.96342519685,3331.968523622047,3331.96342519685,,35.36610236220472,34.36627952755905,36.36592519685039,2.836978346456693,3.110807086614173,2.5631496062992123,0.33527559055118117,0.46011811023622046,0.21043307086614174
2025-03-12,187795.0,-52.465278000000005,-23.073056000000005,-52.41089999999997,-23.061599999999995,Paranavai-Centro,Paranavai,,,,3210.6171992110453,3321.9718343195264,3210.6171992110453,3210.6346942800787,3321.9718343195264,3210.6346942800787,3210.7792702169622,3321.9718343195264,3210.7792702169622,,40.52616370808679,39.715147928994085,41.33717948717948,4.253431952662722,4.469763313609468,4.037100591715976,0.5012426035502959,0.6725246548323472,0.3299605522682446
2025-03-13,187795.0,-52.465278000000005,-23.073056,-52.41089999999998,-23.061600000000002,Paranavai-Centro,Paranavai,,,,2206.510569744597,3329.779980353635,2206.510569744597,2206.646758349705,3329.780628683694,2206.646758349705,2207.959607072692,3329.7817681728884,2207.959607072692,,32.7505304518664,30.00889980353635,35.49216110019647,2.8133300589390964,1.638821218074656,3.987838899803536,0.18935166994106092,0.25388998035363464,0.12481335952848724
2025-03-14,187795.0,-52.465278000000005,-23.073056000000005,-52.41089999999997,-23.0616,Paranavai-Centro,Paranavai,,,,1369.905,3313.3855357142857,1369.905,1370.1962499999997,3313.3855357142857,1370.1962499999997,1371.1356746031747,3313.3855357142857,1371.1356746031747,,23.047619047619047,20.76672619047619,25.328511904761903,2.718412698412698,1.642202380952381,3.794623015873016,0.19240079365079366,0.2559920634920635,0.1288095238095238
2025-03-15,,,,,,,,,,,,,,,,,,,,,,,,,,,,,
2025-03-16,,,,,,,,,,,,,,,,,,,,,,,,,,,,,
2025-03-17,187795.0,-52.46527800000001,-23.073056000000005,-52.41089999999998,-23.061600000000002,Paranavai-Centro,Paranavai,,,,2280.6099207920793,3290.5571881188116,2280.6099207920793,2280.757148514852,3290.5571881188116,2280.757148514852,2281.1274059405937,3290.5571881188116,2281.1274059405937,,13.230851485148515,12.41679207920792,14.044910891089108,1.626039603960396,1.3773069306930694,1.8747722772277229,0.17812871287128712,0.2394455445544554,0.1168118811881188
2025-03-18,187795.0,-52.465278000000005,-23.073056000000005,-52.41089999999997,-23.061599999999995,Paranavai-Centro,Paranavai,,,,3084.4221893491126,3317.5226035502956,3084.4221893491126,3084.431814595661,3317.5226035502956,3084.431814595661,3084.617278106509,3317.5226035502956,3084.617278106509,,12.477712031558186,12.112662721893493,12.842761341222877,1.339635108481262,1.287258382642998,1.3920118343195267,0.1612820512820513,0.20806706114398424,0.11449704142011834
2025-03-19,187795.0,-52.465278000000005,-23.073056000000005,-52.41089999999997,-23.0616,Paranavai-Centro,Paranavai,,,,3028.951607142857,3314.1945436507935,3028.951607142857,3028.990654761905,3314.1945436507935,3028.990654761905,3029.2013888888887,3314.1945436507935,3029.2013888888887,,20.303809523809527,19.456369047619045,21.151249999999997,1.5903968253968253,1.5037301587301588,1.6770634920634921,0.16822420634920635,0.2215079365079365,0.11494047619047619
2025-03-20,187795.0,-52.465278000000005,-23.073056,-52.41089999999998,-23.0616,Paranavai-Centro,Paranavai,,,,2156.516593625498,3308.957848605578,2156.516593625498,2156.7358366533867,3308.9579282868526,2156.7358366533867,2157.5828685258966,3308.9588047808766,2157.5828685258966,,18.92886454183267,17.29565737051793,20.56207171314741,2.5795717131474105,1.916195219123506,3.242948207171315,0.23342629482071714,0.31563745019920314,0.15121513944223108
2025-03-21,187795.0,-52.465278000000005,-23.073056000000005,-52.41089999999997,-23.061599999999995,Paranavai-Centro,Paranavai,,,,2824.7679684418144,3318.50560157791,2824.7679684418144,2824.890650887574,3318.50560157791,2824.890650887574,2825.152011834319,3318.50560157791,2825.152011834319,,12.037179487179488,11.589270216962525,12.48508875739645,1.8548717948717948,1.7829783037475346,1.9267652859960553,0.2307396449704142,0.3057001972386588,0.1557790927021696
2025-03-22,,,,,,,,,,,,,,,,,,,,,,,,,,,,,
2025-03-23,,,,,,,,,,,,,,,,,,,,,,,,,,,,,
2025-03-24,187795.0,-52.465278000000005,-23.073056000000005,-52.41089999999998,-23.0616,Paranavai-Centro,Paranavai,,,,3327.1812204724406,3318.7256102362207,3327.1812204724406,3327.1812204724406,3318.7256102362207,3327.1812204724406,3327.1812204724406,3318.7256102362207,3327.1812204724406,,16.135728346456695,15.72972440944882,16.54173228346457,1.494448818897638,1.624251968503937,1.3646456692913387,0.2028740157480315,0.2742322834645669,0.13151574803149607
2025-03-25,187795.0,-52.465278000000005,-23.073056,-52.41089999999998,-23.0616,Paranavai-Centro,Paranavai,,,,2338.9738844621515,3259.9902191235055,2338.9738844621515,2339.200019920319,3259.9902191235055,2339.200019920319,2339.7889840637445,3259.9902191235055,2339.7889840637445,,22.537201195219122,21.321374501992032,23.753027888446216,2.477918326693227,2.1469721115537843,2.808864541832669,0.2644422310756972,0.36235059760956184,0.16653386454183267
2025-03-26,187795.0,-52.465278000000005,-23.073056000000005,-52.41089999999997,-23.061599999999995,Paranavai-Centro,Paranavai,,,,3328.4857988165677,3319.0119329388563,3328.4857988165677,3328.5744575936883,3319.0119329388563,3328.5744575936883,3328.5744575936883,3319.0119329388563,3328.5744575936883,,9.104881656804734,8.917100591715977,9.29266272189349,0.9119428007889546,1.0101775147928995,0.8137080867850099,0.12974358974358974,0.16619329388560156,0.0932938856015779
2025-03-27,187795.0,-52.465278000000005,-23.073056,-52.41089999999998,-23.061600000000002,Paranavai-Centro,Paranavai,,,,3326.4837721021604,3316.548683693517,3326.4837721021604,3326.4837721021604,3316.548683693517,3326.4837721021604,3326.4837721021604,3316.548683693517,3326.4837721021604,,28.9585952848723,27.84229862475442,30.074891944990174,1.8726031434184676,2.0946758349705306,1.6505304518664048,0.20947937131630648,0.2888408644400786,0.1301178781925344
2025-03-28,187795.0,-52.465278000000005,-23.073056000000005,-52.41089999999998,-23.0616,Paranavai-Centro,Paranavai,,,,2714.9599212598423,3280.5793503937007,2714.9599212598423,2715.054862204724,3280.579645669291,2715.054862204724,2715.751200787401,3280.5810039370076,2715.751200787401,,28.650944881889764,26.54765748031496,30.75423228346457,2.5551377952755905,2.019291338582677,3.0909842519685036,0.2437992125984252,0.3421456692913386,0.14545275590551182
2025-03-29,,,,,,,,,,,,,,,,,,,,,,,,,,,,,
2025-03-30,,,,,,,,,,,,,,,,,,,,,,,,,,,,,
2025-03-31,187795.0,-52.46527800000001,-23.073056,-52.41089999999998,-23.0616,Paranavai-Centro,Paranavai,,,,3332.1073913043474,3331.0848814229253,3332.1073913043474,3332.1073913043474,3331.0848814229253,3332.1073913043474,3332.1073913043474,3331.0848814229253,3332.1073913043474,,14.25552371541502,13.840296442687746,14.670750988142292,1.4076581027667985,1.5608498023715416,1.2544664031620554,0.19360671936758894,0.26156126482213443,0.12565217391304348
2025-04-01,187795.0,-52.465278000000005,-23.073056000000005,-52.41089999999998,-23.0616,Paranavai-Centro,Paranavai,,,,3331.8383858267716,3330.191614173228,3331.8383858267716,3331.8383858267716,3330.191614173228,3331.8383858267716,3331.8383858267716,3330.191614173228,3331.8383858267716,,9.641811023622047,9.368405511811023,9.915216535433071,1.0399114173228345,1.1005118110236218,0.9793110236220472,0.14768700787401576,0.19523622047244096,0.10013779527559057
2025-04-02,187795.0,-52.465278000000005,-23.073056000000005,-52.41089999999998,-23.0616,Paranavai-Centro,Paranavai,,,,3324.0104724409443,3314.3367716535436,3324.0104724409443,3324.0104724409443,3314.3367716535436,3324.0104724409443,3324.0097244094486,3314.3367716535436,3324.0097244094486,,21.197234251968503,20.643877952755904,21.7505905511811,2.1918503937007876,2.3866338582677167,1.9970669291338583,0.3158858267716535,0.41781496062992124,0.21395669291338582
2025-04-03,187795.0,-52.465278000000005,-23.073056,-52.41089999999998,-23.061599999999995,Paranavai-Centro,Paranavai,,,,3332.068937875751,3331.5545290581163,3332.068937875751,3332.068937875751,3331.5545290581163,3332.068937875751,3332.068937875751,3331.5545290581163,3332.068937875751,,10.184929859719439,10.05118236472946,10.31867735470942,1.364869739478958,1.5168336673346694,1.2129058116232465,0.17932865731462924,0.244188376753507,0.11446893787575149
2025-04-04,187795.0,-52.465278000000005,-23.073056000000005,-52.41089999999997,-23.061599999999995,Paranavai-Centro,Paranavai,,,,3332.116331360947,3332.0149506903354,3332.116331360947,3332.116331360947,3332.0149506903354,3332.116331360947,3332.116331360947,3332.0149506903354,3332.116331360947,,15.659812623274163,15.212307692307693,16.10731755424063,1.2053451676528601,1.3484615384615384,1.0622287968441815,0.16066074950690337,0.2234319526627219,0.09788954635108481
2025-04-05,,,,,,,,,,,,,,,,,,,,,,,,,,,,,
2025-04-06,,,,,,,,,,,,,,,,,,,,,,,,,,,,,
2025-04-07,187795.0,-52.465278000000005,-23.073056,-52.410899999999984,-23.0616,Paranavai-Centro,Paranavai,,,,3332.278,3331.7116000000005,3332.278,3332.278,3331.7116000000005,3332.278,3332.278,3331.7116000000005,3332.278,,7.6953000000000005,7.886800000000001,7.5038,2.1759999999999997,2.2592,2.0928,0.29359999999999997,0.30639999999999995,0.2808
